split,training_seed,episodes,training_decisions,visited_states,total_states,visited_state_actions,total_state_actions,unvisited_state_actions,state_action_coverage,training_wall_ms,training_q_update_ms,eval_decisions,distinct_eval_states,unseen_state_decisions,distinct_unseen_states,unvisited_action_opportunities,decisions_with_unvisited_actions,training_visited_state_actions
training,7101,1200.0,23511.0,81.0,162.0,267.0,648,381.0,0.41203703703703703,2021.982604,423.955219,,,,,,,
training,7102,1200.0,23398.0,89.0,162.0,272.0,648,376.0,0.41975308641975306,2050.245069,426.367751,,,,,,,
training,7103,1200.0,23596.0,87.0,162.0,273.0,648,375.0,0.4212962962962963,1977.203596,416.857331,,,,,,,
training,7104,1200.0,23358.0,83.0,162.0,276.0,648,372.0,0.42592592592592593,2044.261265,430.630445,,,,,,,
training,7105,1200.0,23671.0,88.0,162.0,275.0,648,373.0,0.4243827160493827,2041.978708,432.417321,,,,,,,
validation,7101,,,,,,648,,,,,2697.0,69.0,3.0,2.0,180.0,115.0,267.0
validation,7102,,,,,,648,,,,,2812.0,53.0,1.0,1.0,46.0,29.0,272.0
validation,7103,,,,,,648,,,,,2486.0,68.0,1.0,1.0,164.0,87.0,273.0
validation,7104,,,,,,648,,,,,2325.0,67.0,2.0,2.0,110.0,88.0,276.0
validation,7105,,,,,,648,,,,,2468.0,70.0,3.0,3.0,168.0,101.0,275.0
final_test,7101,,,,,,648,,,,,4153.0,75.0,2.0,2.0,267.0,176.0,267.0
final_test,7102,,,,,,648,,,,,4262.0,61.0,1.0,1.0,88.0,58.0,272.0
final_test,7103,,,,,,648,,,,,3769.0,73.0,1.0,1.0,231.0,127.0,273.0
final_test,7104,,,,,,648,,,,,3532.0,72.0,3.0,3.0,144.0,109.0,276.0
final_test,7105,,,,,,648,,,,,3738.0,73.0,1.0,1.0,262.0,158.0,275.0
