family,repetition,policy,regime,workload_fingerprint,num_processes,total_waiting_time,total_turnaround_time,total_response_time,avg_waiting_time,avg_turnaround_time,avg_response_time,cpu_utilization,throughput,context_switches,context_switches_per_process,cpu_busy_time,cpu_idle_time,total_elapsed_time
short_jobs,0,FCFS,baseline,95f0423017b8c3db,15,1089,1280,1089,72.6,85.33333333333333,72.6,100.0,0.07853403141361257,14,0.9333333333333333,191,0,191
short_jobs,0,SJF,baseline,95f0423017b8c3db,15,721,912,721,48.06666666666667,60.8,48.06666666666667,100.0,0.07853403141361257,14,0.9333333333333333,191,0,191
short_jobs,0,Round Robin,baseline,95f0423017b8c3db,15,759,950,212,50.6,63.333333333333336,14.133333333333333,100.0,0.07853403141361257,51,3.4,191,0,191
short_jobs,0,Priority,baseline,95f0423017b8c3db,15,1473,1664,1473,98.2,110.93333333333334,98.2,100.0,0.07853403141361257,14,0.9333333333333333,191,0,191
short_jobs,0,Adaptive (Q-Learning),adaptive_classic_quantum,95f0423017b8c3db,15,721,912,721,48.06666666666667,60.8,48.06666666666667,100.0,0.07853403141361257,14,0.9333333333333333,191,0,191
short_jobs,0,Round Robin (learned quantum),round_robin_learned_quantum,95f0423017b8c3db,15,759,950,212,50.6,63.333333333333336,14.133333333333333,100.0,0.07853403141361257,51,3.4,191,0,191
short_jobs,0,Adaptive (Q-Learning),adaptive_learned_quantum,95f0423017b8c3db,15,721,912,721,48.06666666666667,60.8,48.06666666666667,100.0,0.07853403141361257,14,0.9333333333333333,191,0,191
short_jobs,1,FCFS,baseline,9ed4c47b1f825ada,15,838,963,838,55.86666666666667,64.2,55.86666666666667,98.4251968503937,0.11811023622047244,14,0.9333333333333333,125,2,127
short_jobs,1,SJF,baseline,9ed4c47b1f825ada,15,286,411,286,19.066666666666666,27.4,19.066666666666666,98.4251968503937,0.11811023622047244,14,0.9333333333333333,125,2,127
short_jobs,1,Round Robin,baseline,9ed4c47b1f825ada,15,636,761,270,42.4,50.733333333333334,18.0,98.4251968503937,0.11811023622047244,38,2.533333333333333,125,2,127
short_jobs,1,Priority,baseline,9ed4c47b1f825ada,15,641,766,641,42.733333333333334,51.06666666666667,42.733333333333334,98.4251968503937,0.11811023622047244,14,0.9333333333333333,125,2,127
short_jobs,1,Adaptive (Q-Learning),adaptive_classic_quantum,9ed4c47b1f825ada,15,286,411,286,19.066666666666666,27.4,19.066666666666666,98.4251968503937,0.11811023622047244,14,0.9333333333333333,125,2,127
short_jobs,1,Round Robin (learned quantum),round_robin_learned_quantum,9ed4c47b1f825ada,15,636,761,270,42.4,50.733333333333334,18.0,98.4251968503937,0.11811023622047244,38,2.533333333333333,125,2,127
short_jobs,1,Adaptive (Q-Learning),adaptive_learned_quantum,9ed4c47b1f825ada,15,286,411,286,19.066666666666666,27.4,19.066666666666666,98.4251968503937,0.11811023622047244,14,0.9333333333333333,125,2,127
short_jobs,2,FCFS,baseline,f47c4a63fc9e5706,15,450,532,450,30.0,35.46666666666667,30.0,100.0,0.18292682926829268,14,0.9333333333333333,82,0,82
short_jobs,2,SJF,baseline,f47c4a63fc9e5706,15,159,241,159,10.6,16.066666666666666,10.6,100.0,0.18292682926829268,14,0.9333333333333333,82,0,82
short_jobs,2,Round Robin,baseline,f47c4a63fc9e5706,15,351,433,218,23.4,28.866666666666667,14.533333333333333,100.0,0.18292682926829268,25,1.6666666666666667,82,0,82
short_jobs,2,Priority,baseline,f47c4a63fc9e5706,15,486,568,486,32.4,37.86666666666667,32.4,100.0,0.18292682926829268,14,0.9333333333333333,82,0,82
short_jobs,2,Adaptive (Q-Learning),adaptive_classic_quantum,f47c4a63fc9e5706,15,159,241,159,10.6,16.066666666666666,10.6,100.0,0.18292682926829268,14,0.9333333333333333,82,0,82
short_jobs,2,Round Robin (learned quantum),round_robin_learned_quantum,f47c4a63fc9e5706,15,351,433,218,23.4,28.866666666666667,14.533333333333333,100.0,0.18292682926829268,25,1.6666666666666667,82,0,82
short_jobs,2,Adaptive (Q-Learning),adaptive_learned_quantum,f47c4a63fc9e5706,15,159,241,159,10.6,16.066666666666666,10.6,100.0,0.18292682926829268,14,0.9333333333333333,82,0,82
short_jobs,3,FCFS,baseline,8aae578486902ff4,15,1011,1143,1011,67.4,76.2,67.4,99.24812030075188,0.11278195488721804,14,0.9333333333333333,132,1,133
short_jobs,3,SJF,baseline,8aae578486902ff4,15,508,640,508,33.86666666666667,42.666666666666664,33.86666666666667,99.24812030075188,0.11278195488721804,14,0.9333333333333333,132,1,133
short_jobs,3,Round Robin,baseline,8aae578486902ff4,15,365,497,179,24.333333333333332,33.13333333333333,11.933333333333334,99.24812030075188,0.11278195488721804,36,2.4,132,1,133
short_jobs,3,Priority,baseline,8aae578486902ff4,15,966,1098,966,64.4,73.2,64.4,99.24812030075188,0.11278195488721804,14,0.9333333333333333,132,1,133
short_jobs,3,Adaptive (Q-Learning),adaptive_classic_quantum,8aae578486902ff4,15,508,640,508,33.86666666666667,42.666666666666664,33.86666666666667,99.24812030075188,0.11278195488721804,14,0.9333333333333333,132,1,133
short_jobs,3,Round Robin (learned quantum),round_robin_learned_quantum,8aae578486902ff4,15,365,497,179,24.333333333333332,33.13333333333333,11.933333333333334,99.24812030075188,0.11278195488721804,36,2.4,132,1,133
short_jobs,3,Adaptive (Q-Learning),adaptive_learned_quantum,8aae578486902ff4,15,508,640,508,33.86666666666667,42.666666666666664,33.86666666666667,99.24812030075188,0.11278195488721804,14,0.9333333333333333,132,1,133
short_jobs,4,FCFS,baseline,888d30f3ac150573,15,967,1113,967,64.46666666666667,74.2,64.46666666666667,99.31972789115646,0.10204081632653061,14,0.9333333333333333,146,1,147
short_jobs,4,SJF,baseline,888d30f3ac150573,15,427,573,427,28.466666666666665,38.2,28.466666666666665,99.31972789115646,0.10204081632653061,14,0.9333333333333333,146,1,147
short_jobs,4,Round Robin,baseline,888d30f3ac150573,15,457,603,193,30.466666666666665,40.2,12.866666666666667,99.31972789115646,0.10204081632653061,40,2.6666666666666665,146,1,147
short_jobs,4,Priority,baseline,888d30f3ac150573,15,846,992,846,56.4,66.13333333333334,56.4,99.31972789115646,0.10204081632653061,14,0.9333333333333333,146,1,147
short_jobs,4,Adaptive (Q-Learning),adaptive_classic_quantum,888d30f3ac150573,15,427,573,427,28.466666666666665,38.2,28.466666666666665,99.31972789115646,0.10204081632653061,14,0.9333333333333333,146,1,147
short_jobs,4,Round Robin (learned quantum),round_robin_learned_quantum,888d30f3ac150573,15,446,592,113,29.733333333333334,39.46666666666667,7.533333333333333,99.31972789115646,0.10204081632653061,72,4.8,146,1,147
short_jobs,4,Adaptive (Q-Learning),adaptive_learned_quantum,888d30f3ac150573,15,427,573,427,28.466666666666665,38.2,28.466666666666665,99.31972789115646,0.10204081632653061,14,0.9333333333333333,146,1,147
short_jobs,5,FCFS,baseline,f151349ba400ae57,15,1182,1354,1182,78.8,90.26666666666667,78.8,100.0,0.0872093023255814,14,0.9333333333333333,172,0,172
short_jobs,5,SJF,baseline,f151349ba400ae57,15,401,573,401,26.733333333333334,38.2,26.733333333333334,100.0,0.0872093023255814,14,0.9333333333333333,172,0,172
short_jobs,5,Round Robin,baseline,f151349ba400ae57,15,855,1027,243,57.0,68.46666666666667,16.2,100.0,0.0872093023255814,46,3.066666666666667,172,0,172
short_jobs,5,Priority,baseline,f151349ba400ae57,15,1247,1419,1247,83.13333333333334,94.6,83.13333333333334,100.0,0.0872093023255814,14,0.9333333333333333,172,0,172
short_jobs,5,Adaptive (Q-Learning),adaptive_classic_quantum,f151349ba400ae57,15,401,573,401,26.733333333333334,38.2,26.733333333333334,100.0,0.0872093023255814,14,0.9333333333333333,172,0,172
short_jobs,5,Round Robin (learned quantum),round_robin_learned_quantum,f151349ba400ae57,15,855,1027,243,57.0,68.46666666666667,16.2,100.0,0.0872093023255814,46,3.066666666666667,172,0,172
short_jobs,5,Adaptive (Q-Learning),adaptive_learned_quantum,f151349ba400ae57,15,401,573,401,26.733333333333334,38.2,26.733333333333334,100.0,0.0872093023255814,14,0.9333333333333333,172,0,172
short_jobs,6,FCFS,baseline,6cfaffcdf18150bb,15,522,602,522,34.8,40.13333333333333,34.8,100.0,0.1875,14,0.9333333333333333,80,0,80
short_jobs,6,SJF,baseline,6cfaffcdf18150bb,15,188,268,188,12.533333333333333,17.866666666666667,12.533333333333333,100.0,0.1875,14,0.9333333333333333,80,0,80
short_jobs,6,Round Robin,baseline,6cfaffcdf18150bb,15,384,464,246,25.6,30.933333333333334,16.4,100.0,0.1875,22,1.4666666666666666,80,0,80
short_jobs,6,Priority,baseline,6cfaffcdf18150bb,15,306,386,306,20.4,25.733333333333334,20.4,100.0,0.1875,14,0.9333333333333333,80,0,80
short_jobs,6,Adaptive (Q-Learning),adaptive_classic_quantum,6cfaffcdf18150bb,15,188,268,188,12.533333333333333,17.866666666666667,12.533333333333333,100.0,0.1875,14,0.9333333333333333,80,0,80
short_jobs,6,Round Robin (learned quantum),round_robin_learned_quantum,6cfaffcdf18150bb,15,384,464,246,25.6,30.933333333333334,16.4,100.0,0.1875,22,1.4666666666666666,80,0,80
short_jobs,6,Adaptive (Q-Learning),adaptive_learned_quantum,6cfaffcdf18150bb,15,188,268,188,12.533333333333333,17.866666666666667,12.533333333333333,100.0,0.1875,14,0.9333333333333333,80,0,80
short_jobs,7,FCFS,baseline,e29fd65fb3d28ce0,15,510,628,510,34.0,41.86666666666667,34.0,100.0,0.1271186440677966,14,0.9333333333333333,118,0,118
short_jobs,7,SJF,baseline,e29fd65fb3d28ce0,15,216,334,216,14.4,22.266666666666666,14.4,100.0,0.1271186440677966,14,0.9333333333333333,118,0,118
short_jobs,7,Round Robin,baseline,e29fd65fb3d28ce0,15,352,470,204,23.466666666666665,31.333333333333332,13.6,100.0,0.1271186440677966,33,2.2,118,0,118
short_jobs,7,Priority,baseline,e29fd65fb3d28ce0,15,545,663,545,36.333333333333336,44.2,36.333333333333336,100.0,0.1271186440677966,14,0.9333333333333333,118,0,118
short_jobs,7,Adaptive (Q-Learning),adaptive_classic_quantum,e29fd65fb3d28ce0,15,216,334,216,14.4,22.266666666666666,14.4,100.0,0.1271186440677966,14,0.9333333333333333,118,0,118
short_jobs,7,Round Robin (learned quantum),round_robin_learned_quantum,e29fd65fb3d28ce0,15,352,470,204,23.466666666666665,31.333333333333332,13.6,100.0,0.1271186440677966,33,2.2,118,0,118
short_jobs,7,Adaptive (Q-Learning),adaptive_learned_quantum,e29fd65fb3d28ce0,15,216,334,216,14.4,22.266666666666666,14.4,100.0,0.1271186440677966,14,0.9333333333333333,118,0,118
short_jobs,8,FCFS,baseline,858178d40cf0797a,15,1406,1564,1406,93.73333333333333,104.26666666666667,93.73333333333333,100.0,0.0949367088607595,14,0.9333333333333333,158,0,158
short_jobs,8,SJF,baseline,858178d40cf0797a,15,486,644,486,32.4,42.93333333333333,32.4,100.0,0.0949367088607595,14,0.9333333333333333,158,0,158
short_jobs,8,Round Robin,baseline,858178d40cf0797a,15,694,852,294,46.266666666666666,56.8,19.6,100.0,0.0949367088607595,40,2.6666666666666665,158,0,158
short_jobs,8,Priority,baseline,858178d40cf0797a,15,700,858,700,46.666666666666664,57.2,46.666666666666664,100.0,0.0949367088607595,14,0.9333333333333333,158,0,158
short_jobs,8,Adaptive (Q-Learning),adaptive_classic_quantum,858178d40cf0797a,15,486,644,486,32.4,42.93333333333333,32.4,100.0,0.0949367088607595,14,0.9333333333333333,158,0,158
short_jobs,8,Round Robin (learned quantum),round_robin_learned_quantum,858178d40cf0797a,15,694,852,294,46.266666666666666,56.8,19.6,100.0,0.0949367088607595,40,2.6666666666666665,158,0,158
short_jobs,8,Adaptive (Q-Learning),adaptive_learned_quantum,858178d40cf0797a,15,486,644,486,32.4,42.93333333333333,32.4,100.0,0.0949367088607595,14,0.9333333333333333,158,0,158
short_jobs,9,FCFS,baseline,9af1af2f13accd91,15,680,836,680,45.333333333333336,55.733333333333334,45.333333333333336,98.73417721518987,0.0949367088607595,14,0.9333333333333333,156,2,158
short_jobs,9,SJF,baseline,9af1af2f13accd91,15,360,516,360,24.0,34.4,24.0,98.73417721518987,0.0949367088607595,14,0.9333333333333333,156,2,158
short_jobs,9,Round Robin,baseline,9af1af2f13accd91,15,563,719,194,37.53333333333333,47.93333333333333,12.933333333333334,98.73417721518987,0.0949367088607595,43,2.8666666666666667,156,2,158
short_jobs,9,Priority,baseline,9af1af2f13accd91,15,929,1085,929,61.93333333333333,72.33333333333333,61.93333333333333,98.73417721518987,0.0949367088607595,14,0.9333333333333333,156,2,158
short_jobs,9,Adaptive (Q-Learning),adaptive_classic_quantum,9af1af2f13accd91,15,360,516,360,24.0,34.4,24.0,98.73417721518987,0.0949367088607595,14,0.9333333333333333,156,2,158
short_jobs,9,Round Robin (learned quantum),round_robin_learned_quantum,9af1af2f13accd91,15,569,725,115,37.93333333333333,48.333333333333336,7.666666666666667,98.73417721518987,0.0949367088607595,79,5.266666666666667,156,2,158
short_jobs,9,Adaptive (Q-Learning),adaptive_learned_quantum,9af1af2f13accd91,15,360,516,360,24.0,34.4,24.0,98.73417721518987,0.0949367088607595,14,0.9333333333333333,156,2,158
long_jobs,0,FCFS,baseline,e0bfbf512afafa04,15,2260,2585,2260,150.66666666666666,172.33333333333334,150.66666666666666,99.38837920489297,0.045871559633027525,14,0.9333333333333333,325,2,327
long_jobs,0,SJF,baseline,e0bfbf512afafa04,15,1139,1464,1139,75.93333333333334,97.6,75.93333333333334,99.38837920489297,0.045871559633027525,14,0.9333333333333333,325,2,327
long_jobs,0,Round Robin,baseline,e0bfbf512afafa04,15,2195,2520,339,146.33333333333334,168.0,22.6,99.38837920489297,0.045871559633027525,87,5.8,325,2,327
long_jobs,0,Priority,baseline,e0bfbf512afafa04,15,2412,2737,2412,160.8,182.46666666666667,160.8,99.38837920489297,0.045871559633027525,14,0.9333333333333333,325,2,327
long_jobs,0,Adaptive (Q-Learning),adaptive_classic_quantum,e0bfbf512afafa04,15,1139,1464,1139,75.93333333333334,97.6,75.93333333333334,99.38837920489297,0.045871559633027525,14,0.9333333333333333,325,2,327
long_jobs,0,Round Robin (learned quantum),round_robin_learned_quantum,e0bfbf512afafa04,15,2143,2468,173,142.86666666666667,164.53333333333333,11.533333333333333,99.38837920489297,0.045871559633027525,164,10.933333333333334,325,2,327
long_jobs,0,Adaptive (Q-Learning),adaptive_learned_quantum,e0bfbf512afafa04,15,1139,1464,1139,75.93333333333334,97.6,75.93333333333334,99.38837920489297,0.045871559633027525,14,0.9333333333333333,325,2,327
long_jobs,1,FCFS,baseline,d74d5ff8dc2cef25,15,1809,2130,1809,120.6,142.0,120.6,99.68944099378882,0.046583850931677016,14,0.9333333333333333,321,1,322
long_jobs,1,SJF,baseline,d74d5ff8dc2cef25,15,1417,1738,1417,94.46666666666667,115.86666666666666,94.46666666666667,99.68944099378882,0.046583850931677016,14,0.9333333333333333,321,1,322
long_jobs,1,Round Robin,baseline,d74d5ff8dc2cef25,15,2643,2964,336,176.2,197.6,22.4,99.68944099378882,0.046583850931677016,82,5.466666666666667,321,1,322
long_jobs,1,Priority,baseline,d74d5ff8dc2cef25,15,1773,2094,1773,118.2,139.6,118.2,99.68944099378882,0.046583850931677016,14,0.9333333333333333,321,1,322
long_jobs,1,Adaptive (Q-Learning),adaptive_classic_quantum,d74d5ff8dc2cef25,15,1417,1738,1417,94.46666666666667,115.86666666666666,94.46666666666667,99.68944099378882,0.046583850931677016,14,0.9333333333333333,321,1,322
long_jobs,1,Round Robin (learned quantum),round_robin_learned_quantum,d74d5ff8dc2cef25,15,2650,2971,182,176.66666666666666,198.06666666666666,12.133333333333333,99.68944099378882,0.046583850931677016,157,10.466666666666667,321,1,322
long_jobs,1,Adaptive (Q-Learning),adaptive_learned_quantum,d74d5ff8dc2cef25,15,1417,1738,1417,94.46666666666667,115.86666666666666,94.46666666666667,99.68944099378882,0.046583850931677016,14,0.9333333333333333,321,1,322
long_jobs,2,FCFS,baseline,64488c735ec2696e,15,2780,3102,2780,185.33333333333334,206.8,185.33333333333334,99.07692307692308,0.046153846153846156,14,0.9333333333333333,322,3,325
long_jobs,2,SJF,baseline,64488c735ec2696e,15,1322,1644,1322,88.13333333333334,109.6,88.13333333333334,99.07692307692308,0.046153846153846156,14,0.9333333333333333,322,3,325
long_jobs,2,Round Robin,baseline,64488c735ec2696e,15,2457,2779,341,163.8,185.26666666666668,22.733333333333334,99.07692307692308,0.046153846153846156,84,5.6,322,3,325
long_jobs,2,Priority,baseline,64488c735ec2696e,15,2057,2379,2057,137.13333333333333,158.6,137.13333333333333,99.07692307692308,0.046153846153846156,14,0.9333333333333333,322,3,325
long_jobs,2,Adaptive (Q-Learning),adaptive_classic_quantum,64488c735ec2696e,15,1322,1644,1322,88.13333333333334,109.6,88.13333333333334,99.07692307692308,0.046153846153846156,14,0.9333333333333333,322,3,325
long_jobs,2,Round Robin (learned quantum),round_robin_learned_quantum,64488c735ec2696e,15,2426,2748,183,161.73333333333332,183.2,12.2,99.07692307692308,0.046153846153846156,161,10.733333333333333,322,3,325
long_jobs,2,Adaptive (Q-Learning),adaptive_learned_quantum,64488c735ec2696e,15,1322,1644,1322,88.13333333333334,109.6,88.13333333333334,99.07692307692308,0.046153846153846156,14,0.9333333333333333,322,3,325
long_jobs,3,FCFS,baseline,3472f6a613a43562,15,2528,2936,2528,168.53333333333333,195.73333333333332,168.53333333333333,98.78934624697337,0.03631961259079903,14,0.9333333333333333,408,5,413
long_jobs,3,SJF,baseline,3472f6a613a43562,15,1977,2385,1977,131.8,159.0,131.8,98.78934624697337,0.03631961259079903,14,0.9333333333333333,408,5,413
long_jobs,3,Round Robin,baseline,3472f6a613a43562,15,3436,3844,367,229.06666666666666,256.26666666666665,24.466666666666665,98.78934624697337,0.03631961259079903,105,7.0,408,5,413
long_jobs,3,Priority,baseline,3472f6a613a43562,15,2641,3049,2641,176.06666666666666,203.26666666666668,176.06666666666666,98.78934624697337,0.03631961259079903,14,0.9333333333333333,408,5,413
long_jobs,3,Adaptive (Q-Learning),adaptive_classic_quantum,3472f6a613a43562,15,1977,2385,1977,131.8,159.0,131.8,98.78934624697337,0.03631961259079903,14,0.9333333333333333,408,5,413
long_jobs,3,Round Robin (learned quantum),round_robin_learned_quantum,3472f6a613a43562,15,3494,3902,185,232.93333333333334,260.1333333333333,12.333333333333334,98.78934624697337,0.03631961259079903,205,13.666666666666666,408,5,413
long_jobs,3,Adaptive (Q-Learning),adaptive_learned_quantum,3472f6a613a43562,15,1977,2385,1977,131.8,159.0,131.8,98.78934624697337,0.03631961259079903,14,0.9333333333333333,408,5,413
long_jobs,4,FCFS,baseline,102b611d19a05ee1,15,2567,2929,2567,171.13333333333333,195.26666666666668,171.13333333333333,100.0,0.04143646408839779,14,0.9333333333333333,362,0,362
long_jobs,4,SJF,baseline,102b611d19a05ee1,15,1522,1884,1522,101.46666666666667,125.6,101.46666666666667,100.0,0.04143646408839779,14,0.9333333333333333,362,0,362
long_jobs,4,Round Robin,baseline,102b611d19a05ee1,15,3006,3368,346,200.4,224.53333333333333,23.066666666666666,100.0,0.04143646408839779,94,6.266666666666667,362,0,362
long_jobs,4,Priority,baseline,102b611d19a05ee1,15,2532,2894,2532,168.8,192.93333333333334,168.8,100.0,0.04143646408839779,14,0.9333333333333333,362,0,362
long_jobs,4,Adaptive (Q-Learning),adaptive_classic_quantum,102b611d19a05ee1,15,1522,1884,1522,101.46666666666667,125.6,101.46666666666667,100.0,0.04143646408839779,14,0.9333333333333333,362,0,362
long_jobs,4,Round Robin (learned quantum),round_robin_learned_quantum,102b611d19a05ee1,15,3067,3429,180,204.46666666666667,228.6,12.0,100.0,0.04143646408839779,185,12.333333333333334,362,0,362
long_jobs,4,Adaptive (Q-Learning),adaptive_learned_quantum,102b611d19a05ee1,15,1522,1884,1522,101.46666666666667,125.6,101.46666666666667,100.0,0.04143646408839779,14,0.9333333333333333,362,0,362
long_jobs,5,FCFS,baseline,e6af6f1776fab86e,15,2764,3171,2764,184.26666666666668,211.4,184.26666666666668,100.0,0.036855036855036855,14,0.9333333333333333,407,0,407
long_jobs,5,SJF,baseline,e6af6f1776fab86e,15,1785,2192,1785,119.0,146.13333333333333,119.0,100.0,0.036855036855036855,14,0.9333333333333333,407,0,407
long_jobs,5,Round Robin,baseline,e6af6f1776fab86e,15,3466,3873,382,231.06666666666666,258.2,25.466666666666665,100.0,0.036855036855036855,104,6.933333333333334,407,0,407
long_jobs,5,Priority,baseline,e6af6f1776fab86e,15,2775,3182,2775,185.0,212.13333333333333,185.0,100.0,0.036855036855036855,14,0.9333333333333333,407,0,407
long_jobs,5,Adaptive (Q-Learning),adaptive_classic_quantum,e6af6f1776fab86e,15,1785,2192,1785,119.0,146.13333333333333,119.0,100.0,0.036855036855036855,14,0.9333333333333333,407,0,407
long_jobs,5,Round Robin (learned quantum),round_robin_learned_quantum,e6af6f1776fab86e,15,3515,3922,185,234.33333333333334,261.46666666666664,12.333333333333334,100.0,0.036855036855036855,204,13.6,407,0,407
long_jobs,5,Adaptive (Q-Learning),adaptive_learned_quantum,e6af6f1776fab86e,15,1785,2192,1785,119.0,146.13333333333333,119.0,100.0,0.036855036855036855,14,0.9333333333333333,407,0,407
long_jobs,6,FCFS,baseline,aa96aaa6c84e9732,15,2413,2775,2413,160.86666666666667,185.0,160.86666666666667,99.72451790633609,0.04132231404958678,14,0.9333333333333333,362,1,363
long_jobs,6,SJF,baseline,aa96aaa6c84e9732,15,1514,1876,1514,100.93333333333334,125.06666666666666,100.93333333333334,99.72451790633609,0.04132231404958678,14,0.9333333333333333,362,1,363
long_jobs,6,Round Robin,baseline,aa96aaa6c84e9732,15,2826,3188,294,188.4,212.53333333333333,19.6,99.72451790633609,0.04132231404958678,94,6.266666666666667,362,1,363
long_jobs,6,Priority,baseline,aa96aaa6c84e9732,15,2824,3186,2824,188.26666666666668,212.4,188.26666666666668,99.72451790633609,0.04132231404958678,14,0.9333333333333333,362,1,363
long_jobs,6,Adaptive (Q-Learning),adaptive_classic_quantum,aa96aaa6c84e9732,15,1514,1876,1514,100.93333333333334,125.06666666666666,100.93333333333334,99.72451790633609,0.04132231404958678,14,0.9333333333333333,362,1,363
long_jobs,6,Round Robin (learned quantum),round_robin_learned_quantum,aa96aaa6c84e9732,15,2841,3203,155,189.4,213.53333333333333,10.333333333333334,99.72451790633609,0.04132231404958678,183,12.2,362,1,363
long_jobs,6,Adaptive (Q-Learning),adaptive_learned_quantum,aa96aaa6c84e9732,15,1514,1876,1514,100.93333333333334,125.06666666666666,100.93333333333334,99.72451790633609,0.04132231404958678,14,0.9333333333333333,362,1,363
long_jobs,7,FCFS,baseline,1931339b04e85a70,15,1545,1840,1545,103.0,122.66666666666667,103.0,99.66216216216216,0.05067567567567568,14,0.9333333333333333,295,1,296
long_jobs,7,SJF,baseline,1931339b04e85a70,15,1324,1619,1324,88.26666666666667,107.93333333333334,88.26666666666667,99.66216216216216,0.05067567567567568,14,0.9333333333333333,295,1,296
long_jobs,7,Round Robin,baseline,1931339b04e85a70,15,2062,2357,312,137.46666666666667,157.13333333333333,20.8,99.66216216216216,0.05067567567567568,78,5.2,295,1,296
long_jobs,7,Priority,baseline,1931339b04e85a70,15,1587,1882,1587,105.8,125.46666666666667,105.8,99.66216216216216,0.05067567567567568,14,0.9333333333333333,295,1,296
long_jobs,7,Adaptive (Q-Learning),adaptive_classic_quantum,1931339b04e85a70,15,1324,1619,1324,88.26666666666667,107.93333333333334,88.26666666666667,99.66216216216216,0.05067567567567568,14,0.9333333333333333,295,1,296
long_jobs,7,Round Robin (learned quantum),round_robin_learned_quantum,1931339b04e85a70,15,2010,2305,162,134.0,153.66666666666666,10.8,99.66216216216216,0.05067567567567568,147,9.8,295,1,296
long_jobs,7,Adaptive (Q-Learning),adaptive_learned_quantum,1931339b04e85a70,15,1324,1619,1324,88.26666666666667,107.93333333333334,88.26666666666667,99.66216216216216,0.05067567567567568,14,0.9333333333333333,295,1,296
long_jobs,8,FCFS,baseline,dbabe2a11d8e36ea,15,2079,2398,2079,138.6,159.86666666666667,138.6,99.6875,0.046875,14,0.9333333333333333,319,1,320
long_jobs,8,SJF,baseline,dbabe2a11d8e36ea,15,1441,1760,1441,96.06666666666666,117.33333333333333,96.06666666666666,99.6875,0.046875,14,0.9333333333333333,319,1,320
long_jobs,8,Round Robin,baseline,dbabe2a11d8e36ea,15,2593,2912,322,172.86666666666667,194.13333333333333,21.466666666666665,99.6875,0.046875,84,5.6,319,1,320
long_jobs,8,Priority,baseline,dbabe2a11d8e36ea,15,2012,2331,2012,134.13333333333333,155.4,134.13333333333333,99.6875,0.046875,14,0.9333333333333333,319,1,320
long_jobs,8,Adaptive (Q-Learning),adaptive_classic_quantum,dbabe2a11d8e36ea,15,1441,1760,1441,96.06666666666666,117.33333333333333,96.06666666666666,99.6875,0.046875,14,0.9333333333333333,319,1,320
long_jobs,8,Round Robin (learned quantum),round_robin_learned_quantum,dbabe2a11d8e36ea,15,2588,2907,166,172.53333333333333,193.8,11.066666666666666,99.6875,0.046875,159,10.6,319,1,320
long_jobs,8,Adaptive (Q-Learning),adaptive_learned_quantum,dbabe2a11d8e36ea,15,1441,1760,1441,96.06666666666666,117.33333333333333,96.06666666666666,99.6875,0.046875,14,0.9333333333333333,319,1,320
long_jobs,9,FCFS,baseline,8844b78e67731f5d,15,2155,2475,2155,143.66666666666666,165.0,143.66666666666666,100.0,0.046875,14,0.9333333333333333,320,0,320
long_jobs,9,SJF,baseline,8844b78e67731f5d,15,1342,1662,1342,89.46666666666667,110.8,89.46666666666667,100.0,0.046875,14,0.9333333333333333,320,0,320
long_jobs,9,Round Robin,baseline,8844b78e67731f5d,15,2683,3003,351,178.86666666666667,200.2,23.4,100.0,0.046875,85,5.666666666666667,320,0,320
long_jobs,9,Priority,baseline,8844b78e67731f5d,15,2143,2463,2143,142.86666666666667,164.2,142.86666666666667,100.0,0.046875,14,0.9333333333333333,320,0,320
long_jobs,9,Adaptive (Q-Learning),adaptive_classic_quantum,8844b78e67731f5d,15,1342,1662,1342,89.46666666666667,110.8,89.46666666666667,100.0,0.046875,14,0.9333333333333333,320,0,320
long_jobs,9,Round Robin (learned quantum),round_robin_learned_quantum,8844b78e67731f5d,15,2686,3006,173,179.06666666666666,200.4,11.533333333333333,100.0,0.046875,162,10.8,320,0,320
long_jobs,9,Adaptive (Q-Learning),adaptive_learned_quantum,8844b78e67731f5d,15,1342,1662,1342,89.46666666666667,110.8,89.46666666666667,100.0,0.046875,14,0.9333333333333333,320,0,320
mixed,0,FCFS,baseline,722883e78862e7f2,15,2484,2878,2484,165.6,191.86666666666667,165.6,100.0,0.03807106598984772,14,0.9333333333333333,394,0,394
mixed,0,SJF,baseline,722883e78862e7f2,15,1714,2108,1714,114.26666666666667,140.53333333333333,114.26666666666667,100.0,0.03807106598984772,14,0.9333333333333333,394,0,394
mixed,0,Round Robin,baseline,722883e78862e7f2,15,3464,3858,388,230.93333333333334,257.2,25.866666666666667,100.0,0.03807106598984772,103,6.866666666666666,394,0,394
mixed,0,Priority,baseline,722883e78862e7f2,15,2581,2975,2581,172.06666666666666,198.33333333333334,172.06666666666666,100.0,0.03807106598984772,14,0.9333333333333333,394,0,394
mixed,0,Adaptive (Q-Learning),adaptive_classic_quantum,722883e78862e7f2,15,1714,2108,1714,114.26666666666667,140.53333333333333,114.26666666666667,100.0,0.03807106598984772,14,0.9333333333333333,394,0,394
mixed,0,Round Robin (learned quantum),round_robin_learned_quantum,722883e78862e7f2,15,3458,3852,192,230.53333333333333,256.8,12.8,100.0,0.03807106598984772,198,13.2,394,0,394
mixed,0,Adaptive (Q-Learning),adaptive_learned_quantum,722883e78862e7f2,15,1714,2108,1714,114.26666666666667,140.53333333333333,114.26666666666667,100.0,0.03807106598984772,14,0.9333333333333333,394,0,394
mixed,1,FCFS,baseline,b75e6ad6aaf42480,15,1613,1928,1613,107.53333333333333,128.53333333333333,107.53333333333333,100.0,0.047619047619047616,14,0.9333333333333333,315,0,315
mixed,1,SJF,baseline,b75e6ad6aaf42480,15,1279,1594,1279,85.26666666666667,106.26666666666667,85.26666666666667,100.0,0.047619047619047616,14,0.9333333333333333,315,0,315
mixed,1,Round Robin,baseline,b75e6ad6aaf42480,15,2445,2760,363,163.0,184.0,24.2,100.0,0.047619047619047616,82,5.466666666666667,315,0,315
mixed,1,Priority,baseline,b75e6ad6aaf42480,15,2018,2333,2018,134.53333333333333,155.53333333333333,134.53333333333333,100.0,0.047619047619047616,14,0.9333333333333333,315,0,315
mixed,1,Adaptive (Q-Learning),adaptive_classic_quantum,b75e6ad6aaf42480,15,1279,1594,1279,85.26666666666667,106.26666666666667,85.26666666666667,100.0,0.047619047619047616,14,0.9333333333333333,315,0,315
mixed,1,Round Robin (learned quantum),round_robin_learned_quantum,b75e6ad6aaf42480,15,2495,2810,187,166.33333333333334,187.33333333333334,12.466666666666667,100.0,0.047619047619047616,159,10.6,315,0,315
mixed,1,Adaptive (Q-Learning),adaptive_learned_quantum,b75e6ad6aaf42480,15,1279,1594,1279,85.26666666666667,106.26666666666667,85.26666666666667,100.0,0.047619047619047616,14,0.9333333333333333,315,0,315
mixed,2,FCFS,baseline,510bd6de6c064f8a,15,3075,3512,3075,205.0,234.13333333333333,205.0,99.54441913439635,0.03416856492027335,14,0.9333333333333333,437,2,439
mixed,2,SJF,baseline,510bd6de6c064f8a,15,2286,2723,2286,152.4,181.53333333333333,152.4,99.54441913439635,0.03416856492027335,14,0.9333333333333333,437,2,439
mixed,2,Round Robin,baseline,510bd6de6c064f8a,15,4458,4895,387,297.2,326.3333333333333,25.8,99.54441913439635,0.03416856492027335,114,7.6,437,2,439
mixed,2,Priority,baseline,510bd6de6c064f8a,15,3015,3452,3015,201.0,230.13333333333333,201.0,99.54441913439635,0.03416856492027335,14,0.9333333333333333,437,2,439
mixed,2,Adaptive (Q-Learning),adaptive_classic_quantum,510bd6de6c064f8a,15,2286,2723,2286,152.4,181.53333333333333,152.4,99.54441913439635,0.03416856492027335,14,0.9333333333333333,437,2,439
mixed,2,Round Robin (learned quantum),round_robin_learned_quantum,510bd6de6c064f8a,15,4415,4852,189,294.3333333333333,323.46666666666664,12.6,99.54441913439635,0.03416856492027335,220,14.666666666666666,437,2,439
mixed,2,Adaptive (Q-Learning),adaptive_learned_quantum,510bd6de6c064f8a,15,2286,2723,2286,152.4,181.53333333333333,152.4,99.54441913439635,0.03416856492027335,14,0.9333333333333333,437,2,439
mixed,3,FCFS,baseline,8629b565d0cb702c,15,3168,3646,3168,211.2,243.06666666666666,211.2,99.58333333333333,0.03125,14,0.9333333333333333,478,2,480
mixed,3,SJF,baseline,8629b565d0cb702c,15,2514,2992,2514,167.6,199.46666666666667,167.6,99.58333333333333,0.03125,14,0.9333333333333333,478,2,480
mixed,3,Round Robin,baseline,8629b565d0cb702c,15,4888,5366,381,325.8666666666667,357.73333333333335,25.4,99.58333333333333,0.03125,126,8.4,478,2,480
mixed,3,Priority,baseline,8629b565d0cb702c,15,3216,3694,3216,214.4,246.26666666666668,214.4,99.58333333333333,0.03125,14,0.9333333333333333,478,2,480
mixed,3,Adaptive (Q-Learning),adaptive_classic_quantum,8629b565d0cb702c,15,2514,2992,2514,167.6,199.46666666666667,167.6,99.58333333333333,0.03125,14,0.9333333333333333,478,2,480
mixed,3,Round Robin (learned quantum),round_robin_learned_quantum,8629b565d0cb702c,15,4900,5378,187,326.6666666666667,358.53333333333336,12.466666666666667,99.58333333333333,0.03125,243,16.2,478,2,480
mixed,3,Adaptive (Q-Learning),adaptive_learned_quantum,8629b565d0cb702c,15,2514,2992,2514,167.6,199.46666666666667,167.6,99.58333333333333,0.03125,14,0.9333333333333333,478,2,480
mixed,4,FCFS,baseline,aced4a876bf75dfb,15,2966,3408,2966,197.73333333333332,227.2,197.73333333333332,100.0,0.033936651583710405,14,0.9333333333333333,442,0,442
mixed,4,SJF,baseline,aced4a876bf75dfb,15,2220,2662,2220,148.0,177.46666666666667,148.0,100.0,0.033936651583710405,14,0.9333333333333333,442,0,442
mixed,4,Round Robin,baseline,aced4a876bf75dfb,15,4534,4976,383,302.26666666666665,331.73333333333335,25.533333333333335,100.0,0.033936651583710405,117,7.8,442,0,442
mixed,4,Priority,baseline,aced4a876bf75dfb,15,3113,3555,3113,207.53333333333333,237.0,207.53333333333333,100.0,0.033936651583710405,14,0.9333333333333333,442,0,442
mixed,4,Adaptive (Q-Learning),adaptive_classic_quantum,aced4a876bf75dfb,15,2220,2662,2220,148.0,177.46666666666667,148.0,100.0,0.033936651583710405,14,0.9333333333333333,442,0,442
mixed,4,Round Robin (learned quantum),round_robin_learned_quantum,aced4a876bf75dfb,15,4469,4911,189,297.93333333333334,327.4,12.6,100.0,0.033936651583710405,222,14.8,442,0,442
mixed,4,Adaptive (Q-Learning),adaptive_learned_quantum,aced4a876bf75dfb,15,2220,2662,2220,148.0,177.46666666666667,148.0,100.0,0.033936651583710405,14,0.9333333333333333,442,0,442
mixed,5,FCFS,baseline,1c2cd5ef3f0bec1f,15,1944,2288,1944,129.6,152.53333333333333,129.6,100.0,0.0436046511627907,14,0.9333333333333333,344,0,344
mixed,5,SJF,baseline,1c2cd5ef3f0bec1f,15,1340,1684,1340,89.33333333333333,112.26666666666667,89.33333333333333,100.0,0.0436046511627907,14,0.9333333333333333,344,0,344
mixed,5,Round Robin,baseline,1c2cd5ef3f0bec1f,15,2611,2955,337,174.06666666666666,197.0,22.466666666666665,100.0,0.0436046511627907,91,6.066666666666666,344,0,344
mixed,5,Priority,baseline,1c2cd5ef3f0bec1f,15,2220,2564,2220,148.0,170.93333333333334,148.0,100.0,0.0436046511627907,14,0.9333333333333333,344,0,344
mixed,5,Adaptive (Q-Learning),adaptive_classic_quantum,1c2cd5ef3f0bec1f,15,1340,1684,1340,89.33333333333333,112.26666666666667,89.33333333333333,100.0,0.0436046511627907,14,0.9333333333333333,344,0,344
mixed,5,Round Robin (learned quantum),round_robin_learned_quantum,1c2cd5ef3f0bec1f,15,2619,2963,174,174.6,197.53333333333333,11.6,100.0,0.0436046511627907,174,11.6,344,0,344
mixed,5,Adaptive (Q-Learning),adaptive_learned_quantum,1c2cd5ef3f0bec1f,15,1340,1684,1340,89.33333333333333,112.26666666666667,89.33333333333333,100.0,0.0436046511627907,14,0.9333333333333333,344,0,344
mixed,6,FCFS,baseline,f2eda125977624f1,15,2720,3160,2720,181.33333333333334,210.66666666666666,181.33333333333334,99.77324263038548,0.034013605442176874,14,0.9333333333333333,440,1,441
mixed,6,SJF,baseline,f2eda125977624f1,15,2268,2708,2268,151.2,180.53333333333333,151.2,99.77324263038548,0.034013605442176874,14,0.9333333333333333,440,1,441
mixed,6,Round Robin,baseline,f2eda125977624f1,15,4462,4902,389,297.46666666666664,326.8,25.933333333333334,99.77324263038548,0.034013605442176874,116,7.733333333333333,440,1,441
mixed,6,Priority,baseline,f2eda125977624f1,15,2887,3327,2887,192.46666666666667,221.8,192.46666666666667,99.77324263038548,0.034013605442176874,14,0.9333333333333333,440,1,441
mixed,6,Adaptive (Q-Learning),adaptive_classic_quantum,f2eda125977624f1,15,2268,2708,2268,151.2,180.53333333333333,151.2,99.77324263038548,0.034013605442176874,14,0.9333333333333333,440,1,441
mixed,6,Round Robin (learned quantum),round_robin_learned_quantum,f2eda125977624f1,15,4465,4905,191,297.6666666666667,327.0,12.733333333333333,99.77324263038548,0.034013605442176874,223,14.866666666666667,440,1,441
mixed,6,Adaptive (Q-Learning),adaptive_learned_quantum,f2eda125977624f1,15,2268,2708,2268,151.2,180.53333333333333,151.2,99.77324263038548,0.034013605442176874,14,0.9333333333333333,440,1,441
mixed,7,FCFS,baseline,773f0fa17542f90b,15,2543,2928,2543,169.53333333333333,195.2,169.53333333333333,98.97172236503856,0.038560411311053984,14,0.9333333333333333,385,4,389
mixed,7,SJF,baseline,773f0fa17542f90b,15,1694,2079,1694,112.93333333333334,138.6,112.93333333333334,98.97172236503856,0.038560411311053984,14,0.9333333333333333,385,4,389
mixed,7,Round Robin,baseline,773f0fa17542f90b,15,3222,3607,370,214.8,240.46666666666667,24.666666666666668,98.97172236503856,0.038560411311053984,99,6.6,385,4,389
mixed,7,Priority,baseline,773f0fa17542f90b,15,2312,2697,2312,154.13333333333333,179.8,154.13333333333333,98.97172236503856,0.038560411311053984,14,0.9333333333333333,385,4,389
mixed,7,Adaptive (Q-Learning),adaptive_classic_quantum,773f0fa17542f90b,15,1694,2079,1694,112.93333333333334,138.6,112.93333333333334,98.97172236503856,0.038560411311053984,14,0.9333333333333333,385,4,389
mixed,7,Round Robin (learned quantum),round_robin_learned_quantum,773f0fa17542f90b,15,3257,3642,180,217.13333333333333,242.8,12.0,98.97172236503856,0.038560411311053984,194,12.933333333333334,385,4,389
mixed,7,Adaptive (Q-Learning),adaptive_learned_quantum,773f0fa17542f90b,15,1694,2079,1694,112.93333333333334,138.6,112.93333333333334,98.97172236503856,0.038560411311053984,14,0.9333333333333333,385,4,389
mixed,8,FCFS,baseline,46430c6c61040ac1,15,3348,3806,3348,223.2,253.73333333333332,223.2,99.34924078091106,0.03253796095444685,14,0.9333333333333333,458,3,461
mixed,8,SJF,baseline,46430c6c61040ac1,15,2228,2686,2228,148.53333333333333,179.06666666666666,148.53333333333333,99.34924078091106,0.03253796095444685,14,0.9333333333333333,458,3,461
mixed,8,Round Robin,baseline,46430c6c61040ac1,15,4337,4795,380,289.1333333333333,319.6666666666667,25.333333333333332,99.34924078091106,0.03253796095444685,116,7.733333333333333,458,3,461
mixed,8,Priority,baseline,46430c6c61040ac1,15,3293,3751,3293,219.53333333333333,250.06666666666666,219.53333333333333,99.34924078091106,0.03253796095444685,14,0.9333333333333333,458,3,461
mixed,8,Adaptive (Q-Learning),adaptive_classic_quantum,46430c6c61040ac1,15,2228,2686,2228,148.53333333333333,179.06666666666666,148.53333333333333,99.34924078091106,0.03253796095444685,14,0.9333333333333333,458,3,461
mixed,8,Round Robin (learned quantum),round_robin_learned_quantum,46430c6c61040ac1,15,4359,4817,188,290.6,321.1333333333333,12.533333333333333,99.34924078091106,0.03253796095444685,227,15.133333333333333,458,3,461
mixed,8,Adaptive (Q-Learning),adaptive_learned_quantum,46430c6c61040ac1,15,2228,2686,2228,148.53333333333333,179.06666666666666,148.53333333333333,99.34924078091106,0.03253796095444685,14,0.9333333333333333,458,3,461
mixed,9,FCFS,baseline,d4f625c56f07ef34,15,3130,3582,3130,208.66666666666666,238.8,208.66666666666666,99.77924944812362,0.033112582781456956,14,0.9333333333333333,452,1,453
mixed,9,SJF,baseline,d4f625c56f07ef34,15,2362,2814,2362,157.46666666666667,187.6,157.46666666666667,99.77924944812362,0.033112582781456956,14,0.9333333333333333,452,1,453
mixed,9,Round Robin,baseline,d4f625c56f07ef34,15,4389,4841,384,292.6,322.73333333333335,25.6,99.77924944812362,0.033112582781456956,116,7.733333333333333,452,1,453
mixed,9,Priority,baseline,d4f625c56f07ef34,15,3157,3609,3157,210.46666666666667,240.6,210.46666666666667,99.77924944812362,0.033112582781456956,14,0.9333333333333333,452,1,453
mixed,9,Adaptive (Q-Learning),adaptive_classic_quantum,d4f625c56f07ef34,15,2362,2814,2362,157.46666666666667,187.6,157.46666666666667,99.77924944812362,0.033112582781456956,14,0.9333333333333333,452,1,453
mixed,9,Round Robin (learned quantum),round_robin_learned_quantum,d4f625c56f07ef34,15,4395,4847,190,293.0,323.1333333333333,12.666666666666666,99.77924944812362,0.033112582781456956,226,15.066666666666666,452,1,453
mixed,9,Adaptive (Q-Learning),adaptive_learned_quantum,d4f625c56f07ef34,15,2362,2814,2362,157.46666666666667,187.6,157.46666666666667,99.77924944812362,0.033112582781456956,14,0.9333333333333333,452,1,453
cpu_bursty,0,FCFS,baseline,502a1ddb29828a38,15,4185,4786,4185,279.0,319.06666666666666,279.0,100.0,0.024958402662229616,14,0.9333333333333333,601,0,601
cpu_bursty,0,SJF,baseline,502a1ddb29828a38,15,3621,4222,3621,241.4,281.46666666666664,241.4,100.0,0.024958402662229616,14,0.9333333333333333,601,0,601
cpu_bursty,0,Round Robin,baseline,502a1ddb29828a38,15,7184,7785,387,478.93333333333334,519.0,25.8,100.0,0.024958402662229616,153,10.2,601,0,601
cpu_bursty,0,Priority,baseline,502a1ddb29828a38,15,4225,4826,4225,281.6666666666667,321.73333333333335,281.6666666666667,100.0,0.024958402662229616,14,0.9333333333333333,601,0,601
cpu_bursty,0,Adaptive (Q-Learning),adaptive_classic_quantum,502a1ddb29828a38,15,3621,4222,3621,241.4,281.46666666666664,241.4,100.0,0.024958402662229616,14,0.9333333333333333,601,0,601
cpu_bursty,0,Round Robin (learned quantum),round_robin_learned_quantum,502a1ddb29828a38,15,7246,7847,185,483.06666666666666,523.1333333333333,12.333333333333334,100.0,0.024958402662229616,302,20.133333333333333,601,0,601
cpu_bursty,0,Adaptive (Q-Learning),adaptive_learned_quantum,502a1ddb29828a38,15,3621,4222,3621,241.4,281.46666666666664,241.4,100.0,0.024958402662229616,14,0.9333333333333333,601,0,601
cpu_bursty,1,FCFS,baseline,69bc4a65f53b2b45,15,3916,4503,3916,261.06666666666666,300.2,261.06666666666666,100.0,0.02555366269165247,14,0.9333333333333333,587,0,587
cpu_bursty,1,SJF,baseline,69bc4a65f53b2b45,15,3416,4003,3416,227.73333333333332,266.8666666666667,227.73333333333332,100.0,0.02555366269165247,14,0.9333333333333333,587,0,587
cpu_bursty,1,Round Robin,baseline,69bc4a65f53b2b45,15,6796,7383,382,453.06666666666666,492.2,25.466666666666665,100.0,0.02555366269165247,152,10.133333333333333,587,0,587
cpu_bursty,1,Priority,baseline,69bc4a65f53b2b45,15,3931,4518,3931,262.06666666666666,301.2,262.06666666666666,100.0,0.02555366269165247,14,0.9333333333333333,587,0,587
cpu_bursty,1,Adaptive (Q-Learning),adaptive_classic_quantum,69bc4a65f53b2b45,15,3416,4003,3416,227.73333333333332,266.8666666666667,227.73333333333332,100.0,0.02555366269165247,14,0.9333333333333333,587,0,587
cpu_bursty,1,Round Robin (learned quantum),round_robin_learned_quantum,69bc4a65f53b2b45,15,6827,7414,184,455.1333333333333,494.26666666666665,12.266666666666667,100.0,0.02555366269165247,294,19.6,587,0,587
cpu_bursty,1,Adaptive (Q-Learning),adaptive_learned_quantum,69bc4a65f53b2b45,15,3416,4003,3416,227.73333333333332,266.8666666666667,227.73333333333332,100.0,0.02555366269165247,14,0.9333333333333333,587,0,587
cpu_bursty,2,FCFS,baseline,d4ccb4d832518c7b,15,3568,4084,3568,237.86666666666667,272.26666666666665,237.86666666666667,100.0,0.029069767441860465,14,0.9333333333333333,516,0,516
cpu_bursty,2,SJF,baseline,d4ccb4d832518c7b,15,2966,3482,2966,197.73333333333332,232.13333333333333,197.73333333333332,100.0,0.029069767441860465,14,0.9333333333333333,516,0,516
cpu_bursty,2,Round Robin,baseline,d4ccb4d832518c7b,15,5893,6409,393,392.8666666666667,427.26666666666665,26.2,100.0,0.029069767441860465,133,8.866666666666667,516,0,516
cpu_bursty,2,Priority,baseline,d4ccb4d832518c7b,15,3492,4008,3492,232.8,267.2,232.8,100.0,0.029069767441860465,14,0.9333333333333333,516,0,516
cpu_bursty,2,Adaptive (Q-Learning),adaptive_classic_quantum,d4ccb4d832518c7b,15,2966,3482,2966,197.73333333333332,232.13333333333333,197.73333333333332,100.0,0.029069767441860465,14,0.9333333333333333,516,0,516
cpu_bursty,2,Round Robin (learned quantum),round_robin_learned_quantum,d4ccb4d832518c7b,15,5908,6424,193,393.8666666666667,428.26666666666665,12.866666666666667,100.0,0.029069767441860465,259,17.266666666666666,516,0,516
cpu_bursty,2,Adaptive (Q-Learning),adaptive_learned_quantum,d4ccb4d832518c7b,15,2966,3482,2966,197.73333333333332,232.13333333333333,197.73333333333332,100.0,0.029069767441860465,14,0.9333333333333333,516,0,516
cpu_bursty,3,FCFS,baseline,4316278ccc60a7c1,15,3556,4057,3556,237.06666666666666,270.46666666666664,237.06666666666666,100.0,0.029940119760479042,14,0.9333333333333333,501,0,501
cpu_bursty,3,SJF,baseline,4316278ccc60a7c1,15,2879,3380,2879,191.93333333333334,225.33333333333334,191.93333333333334,100.0,0.029940119760479042,14,0.9333333333333333,501,0,501
cpu_bursty,3,Round Robin,baseline,4316278ccc60a7c1,15,5824,6325,395,388.26666666666665,421.6666666666667,26.333333333333332,100.0,0.029940119760479042,132,8.8,501,0,501
cpu_bursty,3,Priority,baseline,4316278ccc60a7c1,15,3534,4035,3534,235.6,269.0,235.6,100.0,0.029940119760479042,14,0.9333333333333333,501,0,501
cpu_bursty,3,Adaptive (Q-Learning),adaptive_classic_quantum,4316278ccc60a7c1,15,2879,3380,2879,191.93333333333334,225.33333333333334,191.93333333333334,100.0,0.029940119760479042,14,0.9333333333333333,501,0,501
cpu_bursty,3,Round Robin (learned quantum),round_robin_learned_quantum,4316278ccc60a7c1,15,5774,6275,191,384.93333333333334,418.3333333333333,12.733333333333333,100.0,0.029940119760479042,253,16.866666666666667,501,0,501
cpu_bursty,3,Adaptive (Q-Learning),adaptive_learned_quantum,4316278ccc60a7c1,15,2879,3380,2879,191.93333333333334,225.33333333333334,191.93333333333334,100.0,0.029940119760479042,14,0.9333333333333333,501,0,501
cpu_bursty,4,FCFS,baseline,ed9a92945c192593,15,3786,4309,3786,252.4,287.26666666666665,252.4,100.0,0.028680688336520075,14,0.9333333333333333,523,0,523
cpu_bursty,4,SJF,baseline,ed9a92945c192593,15,3008,3531,3008,200.53333333333333,235.4,200.53333333333333,100.0,0.028680688336520075,14,0.9333333333333333,523,0,523
cpu_bursty,4,Round Robin,baseline,ed9a92945c192593,15,5997,6520,387,399.8,434.6666666666667,25.8,100.0,0.028680688336520075,136,9.066666666666666,523,0,523
cpu_bursty,4,Priority,baseline,ed9a92945c192593,15,3529,4052,3529,235.26666666666668,270.1333333333333,235.26666666666668,100.0,0.028680688336520075,14,0.9333333333333333,523,0,523
cpu_bursty,4,Adaptive (Q-Learning),adaptive_classic_quantum,ed9a92945c192593,15,3008,3531,3008,200.53333333333333,235.4,200.53333333333333,100.0,0.028680688336520075,14,0.9333333333333333,523,0,523
cpu_bursty,4,Round Robin (learned quantum),round_robin_learned_quantum,ed9a92945c192593,15,5963,6486,189,397.53333333333336,432.4,12.6,100.0,0.028680688336520075,264,17.6,523,0,523
cpu_bursty,4,Adaptive (Q-Learning),adaptive_learned_quantum,ed9a92945c192593,15,3008,3531,3008,200.53333333333333,235.4,200.53333333333333,100.0,0.028680688336520075,14,0.9333333333333333,523,0,523
cpu_bursty,5,FCFS,baseline,d3aedd7b716ad321,15,3607,4124,3607,240.46666666666667,274.93333333333334,240.46666666666667,99.8069498069498,0.02895752895752896,14,0.9333333333333333,517,1,518
cpu_bursty,5,SJF,baseline,d3aedd7b716ad321,15,3071,3588,3071,204.73333333333332,239.2,204.73333333333332,99.8069498069498,0.02895752895752896,14,0.9333333333333333,517,1,518
cpu_bursty,5,Round Robin,baseline,d3aedd7b716ad321,15,6005,6522,384,400.3333333333333,434.8,25.6,99.8069498069498,0.02895752895752896,133,8.866666666666667,517,1,518
cpu_bursty,5,Priority,baseline,d3aedd7b716ad321,15,3594,4111,3594,239.6,274.06666666666666,239.6,99.8069498069498,0.02895752895752896,14,0.9333333333333333,517,1,518
cpu_bursty,5,Adaptive (Q-Learning),adaptive_classic_quantum,d3aedd7b716ad321,15,3071,3588,3071,204.73333333333332,239.2,204.73333333333332,99.8069498069498,0.02895752895752896,14,0.9333333333333333,517,1,518
cpu_bursty,5,Round Robin (learned quantum),round_robin_learned_quantum,d3aedd7b716ad321,15,6065,6582,188,404.3333333333333,438.8,12.533333333333333,99.8069498069498,0.02895752895752896,261,17.4,517,1,518
cpu_bursty,5,Adaptive (Q-Learning),adaptive_learned_quantum,d3aedd7b716ad321,15,3071,3588,3071,204.73333333333332,239.2,204.73333333333332,99.8069498069498,0.02895752895752896,14,0.9333333333333333,517,1,518
cpu_bursty,6,FCFS,baseline,466a385862790322,15,3710,4260,3710,247.33333333333334,284.0,247.33333333333334,100.0,0.02727272727272727,14,0.9333333333333333,550,0,550
cpu_bursty,6,SJF,baseline,466a385862790322,15,3349,3899,3349,223.26666666666668,259.93333333333334,223.26666666666668,100.0,0.02727272727272727,14,0.9333333333333333,550,0,550
cpu_bursty,6,Round Robin,baseline,466a385862790322,15,6421,6971,389,428.06666666666666,464.73333333333335,25.933333333333334,100.0,0.02727272727272727,143,9.533333333333333,550,0,550
cpu_bursty,6,Priority,baseline,466a385862790322,15,3937,4487,3937,262.46666666666664,299.1333333333333,262.46666666666664,100.0,0.02727272727272727,14,0.9333333333333333,550,0,550
cpu_bursty,6,Adaptive (Q-Learning),adaptive_classic_quantum,466a385862790322,15,3349,3899,3349,223.26666666666668,259.93333333333334,223.26666666666668,100.0,0.02727272727272727,14,0.9333333333333333,550,0,550
cpu_bursty,6,Round Robin (learned quantum),round_robin_learned_quantum,466a385862790322,15,6413,6963,189,427.53333333333336,464.2,12.6,100.0,0.02727272727272727,278,18.533333333333335,550,0,550
cpu_bursty,6,Adaptive (Q-Learning),adaptive_learned_quantum,466a385862790322,15,3349,3899,3349,223.26666666666668,259.93333333333334,223.26666666666668,100.0,0.02727272727272727,14,0.9333333333333333,550,0,550
cpu_bursty,7,FCFS,baseline,4498efd6d9007e6e,15,3113,3568,3113,207.53333333333333,237.86666666666667,207.53333333333333,99.78070175438596,0.03289473684210526,14,0.9333333333333333,455,1,456
cpu_bursty,7,SJF,baseline,4498efd6d9007e6e,15,2580,3035,2580,172.0,202.33333333333334,172.0,99.78070175438596,0.03289473684210526,14,0.9333333333333333,455,1,456
cpu_bursty,7,Round Robin,baseline,4498efd6d9007e6e,15,5136,5591,382,342.4,372.73333333333335,25.466666666666665,99.78070175438596,0.03289473684210526,117,7.8,455,1,456
cpu_bursty,7,Priority,baseline,4498efd6d9007e6e,15,2829,3284,2829,188.6,218.93333333333334,188.6,99.78070175438596,0.03289473684210526,14,0.9333333333333333,455,1,456
cpu_bursty,7,Adaptive (Q-Learning),adaptive_classic_quantum,4498efd6d9007e6e,15,2580,3035,2580,172.0,202.33333333333334,172.0,99.78070175438596,0.03289473684210526,14,0.9333333333333333,455,1,456
cpu_bursty,7,Round Robin (learned quantum),round_robin_learned_quantum,4498efd6d9007e6e,15,5130,5585,190,342.0,372.3333333333333,12.666666666666666,99.78070175438596,0.03289473684210526,227,15.133333333333333,455,1,456
cpu_bursty,7,Adaptive (Q-Learning),adaptive_learned_quantum,4498efd6d9007e6e,15,2580,3035,2580,172.0,202.33333333333334,172.0,99.78070175438596,0.03289473684210526,14,0.9333333333333333,455,1,456
cpu_bursty,8,FCFS,baseline,ba87ed84a40f295d,15,3080,3564,3080,205.33333333333334,237.6,205.33333333333334,100.0,0.030991735537190084,14,0.9333333333333333,484,0,484
cpu_bursty,8,SJF,baseline,ba87ed84a40f295d,15,2760,3244,2760,184.0,216.26666666666668,184.0,100.0,0.030991735537190084,14,0.9333333333333333,484,0,484
cpu_bursty,8,Round Robin,baseline,ba87ed84a40f295d,15,5357,5841,391,357.1333333333333,389.4,26.066666666666666,100.0,0.030991735537190084,123,8.2,484,0,484
cpu_bursty,8,Priority,baseline,ba87ed84a40f295d,15,3345,3829,3345,223.0,255.26666666666668,223.0,100.0,0.030991735537190084,14,0.9333333333333333,484,0,484
cpu_bursty,8,Adaptive (Q-Learning),adaptive_classic_quantum,ba87ed84a40f295d,15,2760,3244,2760,184.0,216.26666666666668,184.0,100.0,0.030991735537190084,14,0.9333333333333333,484,0,484
cpu_bursty,8,Round Robin (learned quantum),round_robin_learned_quantum,ba87ed84a40f295d,15,5492,5976,191,366.1333333333333,398.4,12.733333333333333,100.0,0.030991735537190084,244,16.266666666666666,484,0,484
cpu_bursty,8,Adaptive (Q-Learning),adaptive_learned_quantum,ba87ed84a40f295d,15,2760,3244,2760,184.0,216.26666666666668,184.0,100.0,0.030991735537190084,14,0.9333333333333333,484,0,484
cpu_bursty,9,FCFS,baseline,a7759c09d0bb185d,15,3856,4397,3856,257.06666666666666,293.1333333333333,257.06666666666666,99.81549815498155,0.027675276752767528,14,0.9333333333333333,541,1,542
cpu_bursty,9,SJF,baseline,a7759c09d0bb185d,15,3244,3785,3244,216.26666666666668,252.33333333333334,216.26666666666668,99.81549815498155,0.027675276752767528,14,0.9333333333333333,541,1,542
cpu_bursty,9,Round Robin,baseline,a7759c09d0bb185d,15,6471,7012,390,431.4,467.46666666666664,26.0,99.81549815498155,0.027675276752767528,137,9.133333333333333,541,1,542
cpu_bursty,9,Priority,baseline,a7759c09d0bb185d,15,3772,4313,3772,251.46666666666667,287.53333333333336,251.46666666666667,99.81549815498155,0.027675276752767528,14,0.9333333333333333,541,1,542
cpu_bursty,9,Adaptive (Q-Learning),adaptive_classic_quantum,a7759c09d0bb185d,15,3244,3785,3244,216.26666666666668,252.33333333333334,216.26666666666668,99.81549815498155,0.027675276752767528,14,0.9333333333333333,541,1,542
cpu_bursty,9,Round Robin (learned quantum),round_robin_learned_quantum,a7759c09d0bb185d,15,6489,7030,194,432.6,468.6666666666667,12.933333333333334,99.81549815498155,0.027675276752767528,268,17.866666666666667,541,1,542
cpu_bursty,9,Adaptive (Q-Learning),adaptive_learned_quantum,a7759c09d0bb185d,15,3244,3785,3244,216.26666666666668,252.33333333333334,216.26666666666668,99.81549815498155,0.027675276752767528,14,0.9333333333333333,541,1,542
poisson_arrivals,0,FCFS,baseline,7aa6555562cb9d97,15,933,1083,933,62.2,72.2,62.2,100.0,0.1,14,0.9333333333333333,150,0,150
poisson_arrivals,0,SJF,baseline,7aa6555562cb9d97,15,667,817,667,44.46666666666667,54.46666666666667,44.46666666666667,100.0,0.1,14,0.9333333333333333,150,0,150
poisson_arrivals,0,Round Robin,baseline,7aa6555562cb9d97,15,1373,1523,299,91.53333333333333,101.53333333333333,19.933333333333334,100.0,0.1,43,2.8666666666666667,150,0,150
poisson_arrivals,0,Priority,baseline,7aa6555562cb9d97,15,948,1098,948,63.2,73.2,63.2,100.0,0.1,14,0.9333333333333333,150,0,150
poisson_arrivals,0,Adaptive (Q-Learning),adaptive_classic_quantum,7aa6555562cb9d97,15,667,817,667,44.46666666666667,54.46666666666667,44.46666666666667,100.0,0.1,14,0.9333333333333333,150,0,150
poisson_arrivals,0,Round Robin (learned quantum),round_robin_learned_quantum,7aa6555562cb9d97,15,1373,1523,299,91.53333333333333,101.53333333333333,19.933333333333334,100.0,0.1,43,2.8666666666666667,150,0,150
poisson_arrivals,0,Adaptive (Q-Learning),adaptive_learned_quantum,7aa6555562cb9d97,15,667,817,667,44.46666666666667,54.46666666666667,44.46666666666667,100.0,0.1,14,0.9333333333333333,150,0,150
poisson_arrivals,1,FCFS,baseline,2f806644884effba,15,549,675,549,36.6,45.0,36.6,100.0,0.11904761904761904,14,0.9333333333333333,126,0,126
poisson_arrivals,1,SJF,baseline,2f806644884effba,15,339,465,339,22.6,31.0,22.6,100.0,0.11904761904761904,14,0.9333333333333333,126,0,126
poisson_arrivals,1,Round Robin,baseline,2f806644884effba,15,703,829,228,46.86666666666667,55.266666666666666,15.2,100.0,0.11904761904761904,37,2.466666666666667,126,0,126
poisson_arrivals,1,Priority,baseline,2f806644884effba,15,599,725,599,39.93333333333333,48.333333333333336,39.93333333333333,100.0,0.11904761904761904,14,0.9333333333333333,126,0,126
poisson_arrivals,1,Adaptive (Q-Learning),adaptive_classic_quantum,2f806644884effba,15,339,465,339,22.6,31.0,22.6,100.0,0.11904761904761904,14,0.9333333333333333,126,0,126
poisson_arrivals,1,Round Robin (learned quantum),round_robin_learned_quantum,2f806644884effba,15,703,829,228,46.86666666666667,55.266666666666666,15.2,100.0,0.11904761904761904,37,2.466666666666667,126,0,126
poisson_arrivals,1,Adaptive (Q-Learning),adaptive_learned_quantum,2f806644884effba,15,339,465,339,22.6,31.0,22.6,100.0,0.11904761904761904,14,0.9333333333333333,126,0,126
poisson_arrivals,2,FCFS,baseline,cc7dc6fa0c4c1a62,15,777,931,777,51.8,62.06666666666667,51.8,100.0,0.09740259740259741,14,0.9333333333333333,154,0,154
poisson_arrivals,2,SJF,baseline,cc7dc6fa0c4c1a62,15,620,774,620,41.333333333333336,51.6,41.333333333333336,100.0,0.09740259740259741,14,0.9333333333333333,154,0,154
poisson_arrivals,2,Round Robin,baseline,cc7dc6fa0c4c1a62,15,1067,1221,294,71.13333333333334,81.4,19.6,100.0,0.09740259740259741,41,2.7333333333333334,154,0,154
poisson_arrivals,2,Priority,baseline,cc7dc6fa0c4c1a62,15,785,939,785,52.333333333333336,62.6,52.333333333333336,100.0,0.09740259740259741,14,0.9333333333333333,154,0,154
poisson_arrivals,2,Adaptive (Q-Learning),adaptive_classic_quantum,cc7dc6fa0c4c1a62,15,620,774,620,41.333333333333336,51.6,41.333333333333336,100.0,0.09740259740259741,14,0.9333333333333333,154,0,154
poisson_arrivals,2,Round Robin (learned quantum),round_robin_learned_quantum,cc7dc6fa0c4c1a62,15,1067,1221,294,71.13333333333334,81.4,19.6,100.0,0.09740259740259741,41,2.7333333333333334,154,0,154
poisson_arrivals,2,Adaptive (Q-Learning),adaptive_learned_quantum,cc7dc6fa0c4c1a62,15,620,774,620,41.333333333333336,51.6,41.333333333333336,100.0,0.09740259740259741,14,0.9333333333333333,154,0,154
poisson_arrivals,3,FCFS,baseline,4f9b0896dd4eebd1,15,801,961,801,53.4,64.06666666666666,53.4,100.0,0.09375,14,0.9333333333333333,160,0,160
poisson_arrivals,3,SJF,baseline,4f9b0896dd4eebd1,15,584,744,584,38.93333333333333,49.6,38.93333333333333,100.0,0.09375,14,0.9333333333333333,160,0,160
poisson_arrivals,3,Round Robin,baseline,4f9b0896dd4eebd1,15,1135,1295,273,75.66666666666667,86.33333333333333,18.2,100.0,0.09375,45,3.0,160,0,160
poisson_arrivals,3,Priority,baseline,4f9b0896dd4eebd1,15,784,944,784,52.266666666666666,62.93333333333333,52.266666666666666,100.0,0.09375,14,0.9333333333333333,160,0,160
poisson_arrivals,3,Adaptive (Q-Learning),adaptive_classic_quantum,4f9b0896dd4eebd1,15,584,744,584,38.93333333333333,49.6,38.93333333333333,100.0,0.09375,14,0.9333333333333333,160,0,160
poisson_arrivals,3,Round Robin (learned quantum),round_robin_learned_quantum,4f9b0896dd4eebd1,15,1135,1295,273,75.66666666666667,86.33333333333333,18.2,100.0,0.09375,45,3.0,160,0,160
poisson_arrivals,3,Adaptive (Q-Learning),adaptive_learned_quantum,4f9b0896dd4eebd1,15,584,744,584,38.93333333333333,49.6,38.93333333333333,100.0,0.09375,14,0.9333333333333333,160,0,160
poisson_arrivals,4,FCFS,baseline,f447a03002fa51a5,15,1061,1218,1061,70.73333333333333,81.2,70.73333333333333,100.0,0.09554140127388536,14,0.9333333333333333,157,0,157
poisson_arrivals,4,SJF,baseline,f447a03002fa51a5,15,569,726,569,37.93333333333333,48.4,37.93333333333333,100.0,0.09554140127388536,14,0.9333333333333333,157,0,157
poisson_arrivals,4,Round Robin,baseline,f447a03002fa51a5,15,1207,1364,333,80.46666666666667,90.93333333333334,22.2,100.0,0.09554140127388536,43,2.8666666666666667,157,0,157
poisson_arrivals,4,Priority,baseline,f447a03002fa51a5,15,1083,1240,1083,72.2,82.66666666666667,72.2,100.0,0.09554140127388536,14,0.9333333333333333,157,0,157
poisson_arrivals,4,Adaptive (Q-Learning),adaptive_classic_quantum,f447a03002fa51a5,15,569,726,569,37.93333333333333,48.4,37.93333333333333,100.0,0.09554140127388536,14,0.9333333333333333,157,0,157
poisson_arrivals,4,Round Robin (learned quantum),round_robin_learned_quantum,f447a03002fa51a5,15,1207,1364,333,80.46666666666667,90.93333333333334,22.2,100.0,0.09554140127388536,43,2.8666666666666667,157,0,157
poisson_arrivals,4,Adaptive (Q-Learning),adaptive_learned_quantum,f447a03002fa51a5,15,569,726,569,37.93333333333333,48.4,37.93333333333333,100.0,0.09554140127388536,14,0.9333333333333333,157,0,157
poisson_arrivals,5,FCFS,baseline,c768df08aa38ca42,15,1126,1322,1126,75.06666666666666,88.13333333333334,75.06666666666666,100.0,0.07653061224489796,14,0.9333333333333333,196,0,196
poisson_arrivals,5,SJF,baseline,c768df08aa38ca42,15,814,1010,814,54.266666666666666,67.33333333333333,54.266666666666666,100.0,0.07653061224489796,14,0.9333333333333333,196,0,196
poisson_arrivals,5,Round Robin,baseline,c768df08aa38ca42,15,1617,1813,308,107.8,120.86666666666666,20.533333333333335,100.0,0.07653061224489796,52,3.466666666666667,196,0,196
poisson_arrivals,5,Priority,baseline,c768df08aa38ca42,15,1052,1248,1052,70.13333333333334,83.2,70.13333333333334,100.0,0.07653061224489796,14,0.9333333333333333,196,0,196
poisson_arrivals,5,Adaptive (Q-Learning),adaptive_classic_quantum,c768df08aa38ca42,15,814,1010,814,54.266666666666666,67.33333333333333,54.266666666666666,100.0,0.07653061224489796,14,0.9333333333333333,196,0,196
poisson_arrivals,5,Round Robin (learned quantum),round_robin_learned_quantum,c768df08aa38ca42,15,1644,1840,156,109.6,122.66666666666667,10.4,100.0,0.07653061224489796,100,6.666666666666667,196,0,196
poisson_arrivals,5,Adaptive (Q-Learning),adaptive_learned_quantum,c768df08aa38ca42,15,814,1010,814,54.266666666666666,67.33333333333333,54.266666666666666,100.0,0.07653061224489796,14,0.9333333333333333,196,0,196
poisson_arrivals,6,FCFS,baseline,dd3f495deeb8940e,15,832,986,832,55.46666666666667,65.73333333333333,55.46666666666667,100.0,0.09740259740259741,14,0.9333333333333333,154,0,154
poisson_arrivals,6,SJF,baseline,dd3f495deeb8940e,15,592,746,592,39.46666666666667,49.733333333333334,39.46666666666667,100.0,0.09740259740259741,14,0.9333333333333333,154,0,154
poisson_arrivals,6,Round Robin,baseline,dd3f495deeb8940e,15,1117,1271,311,74.46666666666667,84.73333333333333,20.733333333333334,100.0,0.09740259740259741,42,2.8,154,0,154
poisson_arrivals,6,Priority,baseline,dd3f495deeb8940e,15,691,845,691,46.06666666666667,56.333333333333336,46.06666666666667,100.0,0.09740259740259741,14,0.9333333333333333,154,0,154
poisson_arrivals,6,Adaptive (Q-Learning),adaptive_classic_quantum,dd3f495deeb8940e,15,592,746,592,39.46666666666667,49.733333333333334,39.46666666666667,100.0,0.09740259740259741,14,0.9333333333333333,154,0,154
poisson_arrivals,6,Round Robin (learned quantum),round_robin_learned_quantum,dd3f495deeb8940e,15,1117,1271,311,74.46666666666667,84.73333333333333,20.733333333333334,100.0,0.09740259740259741,42,2.8,154,0,154
poisson_arrivals,6,Adaptive (Q-Learning),adaptive_learned_quantum,dd3f495deeb8940e,15,592,746,592,39.46666666666667,49.733333333333334,39.46666666666667,100.0,0.09740259740259741,14,0.9333333333333333,154,0,154
poisson_arrivals,7,FCFS,baseline,c1c6608fdfa638af,15,860,1004,860,57.333333333333336,66.93333333333334,57.333333333333336,100.0,0.10416666666666667,14,0.9333333333333333,144,0,144
poisson_arrivals,7,SJF,baseline,c1c6608fdfa638af,15,523,667,523,34.86666666666667,44.46666666666667,34.86666666666667,100.0,0.10416666666666667,14,0.9333333333333333,144,0,144
poisson_arrivals,7,Round Robin,baseline,c1c6608fdfa638af,15,1057,1201,340,70.46666666666667,80.06666666666666,22.666666666666668,100.0,0.10416666666666667,39,2.6,144,0,144
poisson_arrivals,7,Priority,baseline,c1c6608fdfa638af,15,818,962,818,54.53333333333333,64.13333333333334,54.53333333333333,100.0,0.10416666666666667,14,0.9333333333333333,144,0,144
poisson_arrivals,7,Adaptive (Q-Learning),adaptive_classic_quantum,c1c6608fdfa638af,15,523,667,523,34.86666666666667,44.46666666666667,34.86666666666667,100.0,0.10416666666666667,14,0.9333333333333333,144,0,144
poisson_arrivals,7,Round Robin (learned quantum),round_robin_learned_quantum,c1c6608fdfa638af,15,1057,1201,340,70.46666666666667,80.06666666666666,22.666666666666668,100.0,0.10416666666666667,39,2.6,144,0,144
poisson_arrivals,7,Adaptive (Q-Learning),adaptive_learned_quantum,c1c6608fdfa638af,15,523,667,523,34.86666666666667,44.46666666666667,34.86666666666667,100.0,0.10416666666666667,14,0.9333333333333333,144,0,144
poisson_arrivals,8,FCFS,baseline,92c65f172e2a531a,15,857,1008,857,57.13333333333333,67.2,57.13333333333333,98.69281045751634,0.09803921568627451,14,0.9333333333333333,151,2,153
poisson_arrivals,8,SJF,baseline,92c65f172e2a531a,15,694,845,694,46.266666666666666,56.333333333333336,46.266666666666666,98.69281045751634,0.09803921568627451,14,0.9333333333333333,151,2,153
poisson_arrivals,8,Round Robin,baseline,92c65f172e2a531a,15,1297,1448,335,86.46666666666667,96.53333333333333,22.333333333333332,98.69281045751634,0.09803921568627451,43,2.8666666666666667,151,2,153
poisson_arrivals,8,Priority,baseline,92c65f172e2a531a,15,864,1015,864,57.6,67.66666666666667,57.6,98.69281045751634,0.09803921568627451,14,0.9333333333333333,151,2,153
poisson_arrivals,8,Adaptive (Q-Learning),adaptive_classic_quantum,92c65f172e2a531a,15,694,845,694,46.266666666666666,56.333333333333336,46.266666666666666,98.69281045751634,0.09803921568627451,14,0.9333333333333333,151,2,153
poisson_arrivals,8,Round Robin (learned quantum),round_robin_learned_quantum,92c65f172e2a531a,15,1297,1448,335,86.46666666666667,96.53333333333333,22.333333333333332,98.69281045751634,0.09803921568627451,43,2.8666666666666667,151,2,153
poisson_arrivals,8,Adaptive (Q-Learning),adaptive_learned_quantum,92c65f172e2a531a,15,694,845,694,46.266666666666666,56.333333333333336,46.266666666666666,98.69281045751634,0.09803921568627451,14,0.9333333333333333,151,2,153
poisson_arrivals,9,FCFS,baseline,f805b581e1e2df95,15,825,977,825,55.0,65.13333333333334,55.0,100.0,0.09868421052631579,14,0.9333333333333333,152,0,152
poisson_arrivals,9,SJF,baseline,f805b581e1e2df95,15,607,759,607,40.46666666666667,50.6,40.46666666666667,100.0,0.09868421052631579,14,0.9333333333333333,152,0,152
poisson_arrivals,9,Round Robin,baseline,f805b581e1e2df95,15,1220,1372,315,81.33333333333333,91.46666666666667,21.0,100.0,0.09868421052631579,45,3.0,152,0,152
poisson_arrivals,9,Priority,baseline,f805b581e1e2df95,15,859,1011,859,57.266666666666666,67.4,57.266666666666666,100.0,0.09868421052631579,14,0.9333333333333333,152,0,152
poisson_arrivals,9,Adaptive (Q-Learning),adaptive_classic_quantum,f805b581e1e2df95,15,607,759,607,40.46666666666667,50.6,40.46666666666667,100.0,0.09868421052631579,14,0.9333333333333333,152,0,152
poisson_arrivals,9,Round Robin (learned quantum),round_robin_learned_quantum,f805b581e1e2df95,15,1220,1372,315,81.33333333333333,91.46666666666667,21.0,100.0,0.09868421052631579,45,3.0,152,0,152
poisson_arrivals,9,Adaptive (Q-Learning),adaptive_learned_quantum,f805b581e1e2df95,15,607,759,607,40.46666666666667,50.6,40.46666666666667,100.0,0.09868421052631579,14,0.9333333333333333,152,0,152
priority_skewed,0,FCFS,baseline,e1907b1bb8e033d5,15,2299,2668,2299,153.26666666666668,177.86666666666667,153.26666666666668,99.19354838709677,0.04032258064516129,14,0.9333333333333333,369,3,372
priority_skewed,0,SJF,baseline,e1907b1bb8e033d5,15,1589,1958,1589,105.93333333333334,130.53333333333333,105.93333333333334,99.19354838709677,0.04032258064516129,14,0.9333333333333333,369,3,372
priority_skewed,0,Round Robin,baseline,e1907b1bb8e033d5,15,3172,3541,384,211.46666666666667,236.06666666666666,25.6,99.19354838709677,0.04032258064516129,97,6.466666666666667,369,3,372
priority_skewed,0,Priority,baseline,e1907b1bb8e033d5,15,2476,2845,2476,165.06666666666666,189.66666666666666,165.06666666666666,99.19354838709677,0.04032258064516129,14,0.9333333333333333,369,3,372
priority_skewed,0,Adaptive (Q-Learning),adaptive_classic_quantum,e1907b1bb8e033d5,15,1589,1958,1589,105.93333333333334,130.53333333333333,105.93333333333334,99.19354838709677,0.04032258064516129,14,0.9333333333333333,369,3,372
priority_skewed,0,Round Robin (learned quantum),round_robin_learned_quantum,e1907b1bb8e033d5,15,3172,3541,384,211.46666666666667,236.06666666666666,25.6,99.19354838709677,0.04032258064516129,97,6.466666666666667,369,3,372
priority_skewed,0,Adaptive (Q-Learning),adaptive_learned_quantum,e1907b1bb8e033d5,15,1589,1958,1589,105.93333333333334,130.53333333333333,105.93333333333334,99.19354838709677,0.04032258064516129,14,0.9333333333333333,369,3,372
priority_skewed,1,FCFS,baseline,fb14b21519ace41b,15,2349,2706,2349,156.6,180.4,156.6,100.0,0.04201680672268908,14,0.9333333333333333,357,0,357
priority_skewed,1,SJF,baseline,fb14b21519ace41b,15,1416,1773,1416,94.4,118.2,94.4,100.0,0.04201680672268908,14,0.9333333333333333,357,0,357
priority_skewed,1,Round Robin,baseline,fb14b21519ace41b,15,2807,3164,349,187.13333333333333,210.93333333333334,23.266666666666666,100.0,0.04201680672268908,92,6.133333333333334,357,0,357
priority_skewed,1,Priority,baseline,fb14b21519ace41b,15,2239,2596,2239,149.26666666666668,173.06666666666666,149.26666666666668,100.0,0.04201680672268908,14,0.9333333333333333,357,0,357
priority_skewed,1,Adaptive (Q-Learning),adaptive_classic_quantum,fb14b21519ace41b,15,1416,1773,1416,94.4,118.2,94.4,100.0,0.04201680672268908,14,0.9333333333333333,357,0,357
priority_skewed,1,Round Robin (learned quantum),round_robin_learned_quantum,fb14b21519ace41b,15,2807,3164,349,187.13333333333333,210.93333333333334,23.266666666666666,100.0,0.04201680672268908,92,6.133333333333334,357,0,357
priority_skewed,1,Adaptive (Q-Learning),adaptive_learned_quantum,fb14b21519ace41b,15,1416,1773,1416,94.4,118.2,94.4,100.0,0.04201680672268908,14,0.9333333333333333,357,0,357
priority_skewed,2,FCFS,baseline,855f1f21fcee1260,15,2233,2569,2233,148.86666666666667,171.26666666666668,148.86666666666667,99.70326409495549,0.04451038575667656,14,0.9333333333333333,336,1,337
priority_skewed,2,SJF,baseline,855f1f21fcee1260,15,1375,1711,1375,91.66666666666667,114.06666666666666,91.66666666666667,99.70326409495549,0.04451038575667656,14,0.9333333333333333,336,1,337
priority_skewed,2,Round Robin,baseline,855f1f21fcee1260,15,2588,2924,335,172.53333333333333,194.93333333333334,22.333333333333332,99.70326409495549,0.04451038575667656,91,6.066666666666666,336,1,337
priority_skewed,2,Priority,baseline,855f1f21fcee1260,15,2404,2740,2404,160.26666666666668,182.66666666666666,160.26666666666668,99.70326409495549,0.04451038575667656,14,0.9333333333333333,336,1,337
priority_skewed,2,Adaptive (Q-Learning),adaptive_classic_quantum,855f1f21fcee1260,15,1375,1711,1375,91.66666666666667,114.06666666666666,91.66666666666667,99.70326409495549,0.04451038575667656,14,0.9333333333333333,336,1,337
priority_skewed,2,Round Robin (learned quantum),round_robin_learned_quantum,855f1f21fcee1260,15,2574,2910,178,171.6,194.0,11.866666666666667,99.70326409495549,0.04451038575667656,173,11.533333333333333,336,1,337
priority_skewed,2,Adaptive (Q-Learning),adaptive_learned_quantum,855f1f21fcee1260,15,1375,1711,1375,91.66666666666667,114.06666666666666,91.66666666666667,99.70326409495549,0.04451038575667656,14,0.9333333333333333,336,1,337
priority_skewed,3,FCFS,baseline,883ca07eaf1d7d9f,15,2549,2951,2549,169.93333333333334,196.73333333333332,169.93333333333334,100.0,0.03731343283582089,14,0.9333333333333333,402,0,402
priority_skewed,3,SJF,baseline,883ca07eaf1d7d9f,15,1937,2339,1937,129.13333333333333,155.93333333333334,129.13333333333333,100.0,0.03731343283582089,14,0.9333333333333333,402,0,402
priority_skewed,3,Round Robin,baseline,883ca07eaf1d7d9f,15,3785,4187,390,252.33333333333334,279.1333333333333,26.0,100.0,0.03731343283582089,105,7.0,402,0,402
priority_skewed,3,Priority,baseline,883ca07eaf1d7d9f,15,2494,2896,2494,166.26666666666668,193.06666666666666,166.26666666666668,100.0,0.03731343283582089,14,0.9333333333333333,402,0,402
priority_skewed,3,Adaptive (Q-Learning),adaptive_classic_quantum,883ca07eaf1d7d9f,15,1937,2339,1937,129.13333333333333,155.93333333333334,129.13333333333333,100.0,0.03731343283582089,14,0.9333333333333333,402,0,402
priority_skewed,3,Round Robin (learned quantum),round_robin_learned_quantum,883ca07eaf1d7d9f,15,3863,4265,190,257.53333333333336,284.3333333333333,12.666666666666666,100.0,0.03731343283582089,204,13.6,402,0,402
priority_skewed,3,Adaptive (Q-Learning),adaptive_learned_quantum,883ca07eaf1d7d9f,15,1937,2339,1937,129.13333333333333,155.93333333333334,129.13333333333333,100.0,0.03731343283582089,14,0.9333333333333333,402,0,402
priority_skewed,4,FCFS,baseline,16353dce5eb49623,15,2239,2563,2239,149.26666666666668,170.86666666666667,149.26666666666668,100.0,0.046296296296296294,14,0.9333333333333333,324,0,324
priority_skewed,4,SJF,baseline,16353dce5eb49623,15,1346,1670,1346,89.73333333333333,111.33333333333333,89.73333333333333,100.0,0.046296296296296294,14,0.9333333333333333,324,0,324
priority_skewed,4,Round Robin,baseline,16353dce5eb49623,15,2745,3069,381,183.0,204.6,25.4,100.0,0.046296296296296294,84,5.6,324,0,324
priority_skewed,4,Priority,baseline,16353dce5eb49623,15,2242,2566,2242,149.46666666666667,171.06666666666666,149.46666666666667,100.0,0.046296296296296294,14,0.9333333333333333,324,0,324
priority_skewed,4,Adaptive (Q-Learning),adaptive_classic_quantum,16353dce5eb49623,15,1346,1670,1346,89.73333333333333,111.33333333333333,89.73333333333333,100.0,0.046296296296296294,14,0.9333333333333333,324,0,324
priority_skewed,4,Round Robin (learned quantum),round_robin_learned_quantum,16353dce5eb49623,15,2716,3040,191,181.06666666666666,202.66666666666666,12.733333333333333,100.0,0.046296296296296294,159,10.6,324,0,324
priority_skewed,4,Adaptive (Q-Learning),adaptive_learned_quantum,16353dce5eb49623,15,1346,1670,1346,89.73333333333333,111.33333333333333,89.73333333333333,100.0,0.046296296296296294,14,0.9333333333333333,324,0,324
priority_skewed,5,FCFS,baseline,46cd026667e7c7fa,15,2861,3290,2861,190.73333333333332,219.33333333333334,190.73333333333332,100.0,0.03496503496503497,14,0.9333333333333333,429,0,429
priority_skewed,5,SJF,baseline,46cd026667e7c7fa,15,2261,2690,2261,150.73333333333332,179.33333333333334,150.73333333333332,100.0,0.03496503496503497,14,0.9333333333333333,429,0,429
priority_skewed,5,Round Robin,baseline,46cd026667e7c7fa,15,4460,4889,378,297.3333333333333,325.93333333333334,25.2,100.0,0.03496503496503497,112,7.466666666666667,429,0,429
priority_skewed,5,Priority,baseline,46cd026667e7c7fa,15,2502,2931,2502,166.8,195.4,166.8,100.0,0.03496503496503497,14,0.9333333333333333,429,0,429
priority_skewed,5,Adaptive (Q-Learning),adaptive_classic_quantum,46cd026667e7c7fa,15,2261,2690,2261,150.73333333333332,179.33333333333334,150.73333333333332,100.0,0.03496503496503497,14,0.9333333333333333,429,0,429
priority_skewed,5,Round Robin (learned quantum),round_robin_learned_quantum,46cd026667e7c7fa,15,4471,4900,188,298.06666666666666,326.6666666666667,12.533333333333333,100.0,0.03496503496503497,219,14.6,429,0,429
priority_skewed,5,Adaptive (Q-Learning),adaptive_learned_quantum,46cd026667e7c7fa,15,2261,2690,2261,150.73333333333332,179.33333333333334,150.73333333333332,100.0,0.03496503496503497,14,0.9333333333333333,429,0,429
priority_skewed,6,FCFS,baseline,46a180f233e5669b,15,2052,2385,2052,136.8,159.0,136.8,100.0,0.04504504504504504,14,0.9333333333333333,333,0,333
priority_skewed,6,SJF,baseline,46a180f233e5669b,15,1335,1668,1335,89.0,111.2,89.0,100.0,0.04504504504504504,14,0.9333333333333333,333,0,333
priority_skewed,6,Round Robin,baseline,46a180f233e5669b,15,2564,2897,363,170.93333333333334,193.13333333333333,24.2,100.0,0.04504504504504504,89,5.933333333333334,333,0,333
priority_skewed,6,Priority,baseline,46a180f233e5669b,15,1725,2058,1725,115.0,137.2,115.0,100.0,0.04504504504504504,14,0.9333333333333333,333,0,333
priority_skewed,6,Adaptive (Q-Learning),adaptive_classic_quantum,46a180f233e5669b,15,1335,1668,1335,89.0,111.2,89.0,100.0,0.04504504504504504,14,0.9333333333333333,333,0,333
priority_skewed,6,Round Robin (learned quantum),round_robin_learned_quantum,46a180f233e5669b,15,2547,2880,187,169.8,192.0,12.466666666666667,100.0,0.04504504504504504,168,11.2,333,0,333
priority_skewed,6,Adaptive (Q-Learning),adaptive_learned_quantum,46a180f233e5669b,15,1335,1668,1335,89.0,111.2,89.0,100.0,0.04504504504504504,14,0.9333333333333333,333,0,333
priority_skewed,7,FCFS,baseline,785f3f8f38be076d,15,3315,3812,3315,221.0,254.13333333333333,221.0,100.0,0.030181086519114688,14,0.9333333333333333,497,0,497
priority_skewed,7,SJF,baseline,785f3f8f38be076d,15,2680,3177,2680,178.66666666666666,211.8,178.66666666666666,100.0,0.030181086519114688,14,0.9333333333333333,497,0,497
priority_skewed,7,Round Robin,baseline,785f3f8f38be076d,15,5185,5682,390,345.6666666666667,378.8,26.0,100.0,0.030181086519114688,130,8.666666666666666,497,0,497
priority_skewed,7,Priority,baseline,785f3f8f38be076d,15,3283,3780,3283,218.86666666666667,252.0,218.86666666666667,100.0,0.030181086519114688,14,0.9333333333333333,497,0,497
priority_skewed,7,Adaptive (Q-Learning),adaptive_classic_quantum,785f3f8f38be076d,15,2680,3177,2680,178.66666666666666,211.8,178.66666666666666,100.0,0.030181086519114688,14,0.9333333333333333,497,0,497
priority_skewed,7,Round Robin (learned quantum),round_robin_learned_quantum,785f3f8f38be076d,15,5173,5670,190,344.8666666666667,378.0,12.666666666666666,100.0,0.030181086519114688,252,16.8,497,0,497
priority_skewed,7,Adaptive (Q-Learning),adaptive_learned_quantum,785f3f8f38be076d,15,2680,3177,2680,178.66666666666666,211.8,178.66666666666666,100.0,0.030181086519114688,14,0.9333333333333333,497,0,497
priority_skewed,8,FCFS,baseline,487ba9bb4eb78a91,15,2336,2714,2336,155.73333333333332,180.93333333333334,155.73333333333332,100.0,0.03968253968253968,14,0.9333333333333333,378,0,378
priority_skewed,8,SJF,baseline,487ba9bb4eb78a91,15,1713,2091,1713,114.2,139.4,114.2,100.0,0.03968253968253968,14,0.9333333333333333,378,0,378
priority_skewed,8,Round Robin,baseline,487ba9bb4eb78a91,15,3380,3758,401,225.33333333333334,250.53333333333333,26.733333333333334,100.0,0.03968253968253968,99,6.6,378,0,378
priority_skewed,8,Priority,baseline,487ba9bb4eb78a91,15,2382,2760,2382,158.8,184.0,158.8,100.0,0.03968253968253968,14,0.9333333333333333,378,0,378
priority_skewed,8,Adaptive (Q-Learning),adaptive_classic_quantum,487ba9bb4eb78a91,15,1713,2091,1713,114.2,139.4,114.2,100.0,0.03968253968253968,14,0.9333333333333333,378,0,378
priority_skewed,8,Round Robin (learned quantum),round_robin_learned_quantum,487ba9bb4eb78a91,15,3426,3804,195,228.4,253.6,13.0,100.0,0.03968253968253968,192,12.8,378,0,378
priority_skewed,8,Adaptive (Q-Learning),adaptive_learned_quantum,487ba9bb4eb78a91,15,1713,2091,1713,114.2,139.4,114.2,100.0,0.03968253968253968,14,0.9333333333333333,378,0,378
priority_skewed,9,FCFS,baseline,928236070dcff2d9,15,2914,3329,2914,194.26666666666668,221.93333333333334,194.26666666666668,100.0,0.03614457831325301,14,0.9333333333333333,415,0,415
priority_skewed,9,SJF,baseline,928236070dcff2d9,15,2231,2646,2231,148.73333333333332,176.4,148.73333333333332,100.0,0.03614457831325301,14,0.9333333333333333,415,0,415
priority_skewed,9,Round Robin,baseline,928236070dcff2d9,15,4065,4480,390,271.0,298.6666666666667,26.0,100.0,0.03614457831325301,108,7.2,415,0,415
priority_skewed,9,Priority,baseline,928236070dcff2d9,15,2890,3305,2890,192.66666666666666,220.33333333333334,192.66666666666666,100.0,0.03614457831325301,14,0.9333333333333333,415,0,415
priority_skewed,9,Adaptive (Q-Learning),adaptive_classic_quantum,928236070dcff2d9,15,2231,2646,2231,148.73333333333332,176.4,148.73333333333332,100.0,0.03614457831325301,14,0.9333333333333333,415,0,415
priority_skewed,9,Round Robin (learned quantum),round_robin_learned_quantum,928236070dcff2d9,15,4039,4454,190,269.26666666666665,296.93333333333334,12.666666666666666,100.0,0.03614457831325301,211,14.066666666666666,415,0,415
priority_skewed,9,Adaptive (Q-Learning),adaptive_learned_quantum,928236070dcff2d9,15,2231,2646,2231,148.73333333333332,176.4,148.73333333333332,100.0,0.03614457831325301,14,0.9333333333333333,415,0,415
