family,repetition,workload_fingerprint,num_processes
cpu_bursty,0,502a1ddb29828a38,15
cpu_bursty,1,69bc4a65f53b2b45,15
cpu_bursty,2,d4ccb4d832518c7b,15
cpu_bursty,3,4316278ccc60a7c1,15
cpu_bursty,4,ed9a92945c192593,15
cpu_bursty,5,d3aedd7b716ad321,15
cpu_bursty,6,466a385862790322,15
cpu_bursty,7,4498efd6d9007e6e,15
cpu_bursty,8,ba87ed84a40f295d,15
cpu_bursty,9,a7759c09d0bb185d,15
long_jobs,0,e0bfbf512afafa04,15
long_jobs,1,d74d5ff8dc2cef25,15
long_jobs,2,64488c735ec2696e,15
long_jobs,3,3472f6a613a43562,15
long_jobs,4,102b611d19a05ee1,15
long_jobs,5,e6af6f1776fab86e,15
long_jobs,6,aa96aaa6c84e9732,15
long_jobs,7,1931339b04e85a70,15
long_jobs,8,dbabe2a11d8e36ea,15
long_jobs,9,8844b78e67731f5d,15
mixed,0,722883e78862e7f2,15
mixed,1,b75e6ad6aaf42480,15
mixed,2,510bd6de6c064f8a,15
mixed,3,8629b565d0cb702c,15
mixed,4,aced4a876bf75dfb,15
mixed,5,1c2cd5ef3f0bec1f,15
mixed,6,f2eda125977624f1,15
mixed,7,773f0fa17542f90b,15
mixed,8,46430c6c61040ac1,15
mixed,9,d4f625c56f07ef34,15
poisson_arrivals,0,7aa6555562cb9d97,15
poisson_arrivals,1,2f806644884effba,15
poisson_arrivals,2,cc7dc6fa0c4c1a62,15
poisson_arrivals,3,4f9b0896dd4eebd1,15
poisson_arrivals,4,f447a03002fa51a5,15
poisson_arrivals,5,c768df08aa38ca42,15
poisson_arrivals,6,dd3f495deeb8940e,15
poisson_arrivals,7,c1c6608fdfa638af,15
poisson_arrivals,8,92c65f172e2a531a,15
poisson_arrivals,9,f805b581e1e2df95,15
priority_skewed,0,e1907b1bb8e033d5,15
priority_skewed,1,fb14b21519ace41b,15
priority_skewed,2,855f1f21fcee1260,15
priority_skewed,3,883ca07eaf1d7d9f,15
priority_skewed,4,16353dce5eb49623,15
priority_skewed,5,46cd026667e7c7fa,15
priority_skewed,6,46a180f233e5669b,15
priority_skewed,7,785f3f8f38be076d,15
priority_skewed,8,487ba9bb4eb78a91,15
priority_skewed,9,928236070dcff2d9,15
short_jobs,0,95f0423017b8c3db,15
short_jobs,1,9ed4c47b1f825ada,15
short_jobs,2,f47c4a63fc9e5706,15
short_jobs,3,8aae578486902ff4,15
short_jobs,4,888d30f3ac150573,15
short_jobs,5,f151349ba400ae57,15
short_jobs,6,6cfaffcdf18150bb,15
short_jobs,7,e29fd65fb3d28ce0,15
short_jobs,8,858178d40cf0797a,15
short_jobs,9,9af1af2f13accd91,15
